num_bikes_disabled;lat;lon;;;
0;4.070.188.858.913.360;-7.401.089.876.890.180;;;
2;4.088.602;-7.390.232;;;
0;4.067.911.856.082.160;-7.397.176.265.716.550;;;
1;4.072.532;-739.368;;;
1;407.658.346;-739.265.474;;;
5;4.080.262;-739.174;;;
0;40.765.959.181.657.900;-7.398.313.522.338.860;;;
3;4.075.492;-7.398.455;;;
1;4.066.846;-739.282;;;
1;4.087.307;-7.388.971;;;
0;4.074.797;-7.388.204;;;
2;4.074.947.822.183.470;-7.391.826.465.725.890;;;
0;4.074.446;-7.389.764;;;
0;4.076.447;-7.387.369;;;
3;4.069.196.566;-739.813.018;;;
2;4.082.090.903.827.730;-7.392.753.845.245.070;;;
6;4.087.935;-7.388.534;;;
3;408.863;-738.997;;;
1;407.277;-7.394.395;;;
1;4.070.960.089.363.530;-7.400.655.090.808.860;;;
1;4.070.583.339;-7.394.644.578;;;
0;40.774.798;-73.903.787;;;
1;40.812.191;-73.937.838;;;
1;40.648.005;-73.979.342;;;
0;4.067.434;-7.400.194.698;;;
5;4.064.435;-7.396.591;;;
0;40.813.619;-73.939.336;;;
1;406.691.783;-739.554.162;;;
0;4.069.356;-7.392.524;;;
1;40.663.493;-73.991.007;;;
1;4.077.684.387;-7.393.463.418;;;
1;407.408;-7.384.978;;;
2;407.923.272;-739.383;;;
1;40.752.443;-73.929.737;;;
0;4.075.206.862;-7.396.784.384;;;
3;40.825.125;-73.941.616;;;
0;4.065.159;-7.393.535;;;
2;40.861.669;-73.898.589;;;
1;40.782.465;-73.914.527;;;
1;4.064.796;-739.556;;;
3;4.067.267.243.410.940;-740.087.952.464.819;;;
0;4.064.243.139.706.090;-740.255.355.834.961;;;
1;4.073.672;-7.387.728;;;
1;4.072.737.869.323.220;-7.398.840.844.631.190;;;
4;4.071.260.486;-7.396.264.403;;;
2;4.084.833;-7.390.971;;;
0;4.075.896;-7.386.976;;;
3;4.071.469;-7.395.739;;;
0;4.069.089.272;-7.399.612.349;;;
0;4.076.022;-7.387.774;;;
3;4.084.605;-7.388.426;;;
0;4.075.243;-7.386.717;;;
1;40.741.119.944.681.400;-7.392.103.672.027.580;;;
0;4.073.781.699.881.190;-7.393.024.072.051.040;;;
3;4.085.834;-7.390.626;;;
3;4.068.256.425.759.690;-739.798.977.971.077;;;
1;4.074.221.834.996.090;-7.392.935.156.822.200;;;
2;40.830.529;-73.894.717;;;
0;4.075.165;-7.385.915;;;
6;407.277.140.777.778;-7.401.129.573.583.600;;;
2;4.086.294;-7.390.108;;;
0;4.077.485;-739.342;;;
0;4.075.138;-7.386.242;;;
4;4.064.873;-7.396.084;;;
1;40.756.265;-73.964.179;;;
0;4.071.286.844;-7.395.698.119;;;
3;4.082.281;-73.937.413;;;
0;4.075.147;-738.557;;;
0;40.702.726;-7.394.984;;;
3;40.873.265;-73.906.646;;;
0;4.077.336.750.284.330;-7.391.382.560.133.930;;;
2;4.064.454;-7.394.486;;;
0;407.103.685.423.523;-7.394.705.951.213.830;;;
4;4.071.911.552;-7.400.666.661;;;
1;40.813.539;-7.394.521;;;
3;4.085.391;-738.866;;;
5;408.045.555;-739.396.861;;;
7;4.078.232.260.730.880;-7.395.987.510.681.150;;;
1;407.458;-7.385.945;;;
1;406.769.694;-7.396.579;;;
2;4.063.556;-7.401.298;;;
0;407.413.272;-73.937.999;;;
0;4.069.146;-7.392.146;;;
0;4.075.584;-7.386.621;;;
2;40.832.649;-73.885.272;;;
0;407.443.653.191.867;-7.393.172.398.209.570;;;
3;4.075.179;-7.388.568;;;
5;4.081.014;-7.393.973;;;
3;40.655.716;-74.006.664;;;
1;40.851.788;-73.916.418;;;
0;4.064.535;-7.393.268;;;
4;407.903.051;-7.394.755.757;;;
2;40.675.832;-73.963.308;;;
1;40.833.246;-73.896.599;;;
1;4.078.720.869;-7.398.128.127;;;
6;4.072.019.576;-7.398.997.825;;;
0;4.066.559;-7.393.712;;;
2;4.088.185;-7.390.291;;;
2;4.065.237;-7.395.623;;;
4;40.752.062.307;-739.816.324.043;;;
0;4.073.813;-7.388.104;;;
0;40.860.814;-73.902.541;;;
1;4.069.425.403;-7.394.626.915;;;
5;4.074.238.787;-7.399.726.235;;;
1;4.075.085;-7.387.509;;;
0;40.765.753;-7.390.676;;;
4;407.724.607;-739.468.208;;;
3;4.085.318.758.861.970;-7.392.715.752.124.780;;;
0;4.076.589;-7.387.789;;;
0;40.856.906;-73.935.662;;;
2;4.085.859;-7.388.821;;;
0;406.900.815;-73.947.915;;;
0;4.071.882;-7.393.948;;;
6;40.710.451;-73.960.876;;;
0;407.713.615;-739.246.145;;;
1;407.576.314;-739.391.224;;;
1;4.073.394;-7.390.128;;;
3;4.077.423.301.703.020;-7.391.274.864.321.400;;;
2;40.645.074;-73.979.681;;;
2;407.284.186;-7.398.713.956;;;
0;4.070.411.791;-7.394.818.595;;;
0;40.771.203;-73.903.865;;;
0;40.646.351;-74.009.271;;;
1;40.751.555;-73.915.026;;;
4;4.071.494.807;-7.400.234.482;;;
5;407.557.327;-739.236.611;;;
0;40.740.288;-73.960.697;;;
2;4.070.204;-7.389.288;;;
3;40.761.573;-73.972.628;;;
1;40.813.224;-73.930.605;;;
13;40.861.382;-73.925.591;;;
4;4.073.866.091.428.550;-7.398.987.293.243.400;;;
0;40.812.346;-73.946.168;;;
1;40.703.545;-73.917.775;;;
1;4.074.444.921;-7.398.303.529;;;
4;4.064.499;-7.395.818;;;
4;4.073.261.787;-7.399.158.043;;;
2;406.725.058;-7.400.494.695;;;
0;4.070.408;-7.390.408;;;
2;4.072.693;-7.395.863;;;
0;4.065.666;-7.393.109;;;
2;4.070.108;-739.179;;;
0;4.076.072;-73.910.989;;;
5;407.361.967;-7.400.859.207;;;
1;4.064.744;-74.018.846;;;
6;4.071.870.987;-740.090.009;;;
3;40.810.224;-73.937.195;;;
2;4.064.034;-7.396.603;;;
6;4.070.378.167.354.830;-7.399.073.392.152.780;;;
0;4.071.511.871.996.490;-7.398.417.055.606.840;;;
0;40.837.037;-73.890.413;;;
3;4.072.506.551.015.470;-7.397.515.833.377.830;;;
5;40.739.445;-73.976.806;;;
0;4.069.122;-7.391.693;;;
2;4.072.938.685;-7.397.772.429;;;
3;40.635.679;-74.020.005;;;
1;40.849.972;-73.938.423;;;
0;40.776.168;-73.910.485;;;
7;40.801.694;-73.957.145;;;
1;4.068.012;-7.393.168;;;
2;40.800.425;-73.911.034;;;
2;406.803.560.840.434;-739.476.791.024.208;;;
1;4.084.784;-73.883;;;
1;40.666.287;-7.398.895.053;;;
1;407.411;-7.388.837;;;
0;4.082.057;-73.917.579;;;
3;4.072.179.134;-739.504.154;;;
3;40.828.975;-73.911.259;;;
1;40.824.686;-73.951.947;;;
6;4.075.594.159;-740.021.163;;;
0;40.830.262;-73.923.391;;;
1;40.646.475;-74.026.081;;;
0;4.085.715.781.391.900;-7.392.717.361.450.190;;;
1;4.082.441;-7.392.818;;;
3;4.078.294;-7.393.077;;;
1;4.083.402.740.143.520;-7.394.510.813.442.640;;;
2;4.069.338;-7.390.061;;;
1;4.071.335.226.222.870;-739.491.033.554.077;;;
3;4.073.291.553;-7.400.711.384;;;
2;4.088.066;-7.390.076;;;
0;4.073.941.387.498.410;-7.392.131.969.332.690;;;
0;4.074.113;-73.942.518;;;
3;40.832.678;-73.905.158;;;
2;40.842.941;-73.938.631;;;
1;40.789.622;-7.397.757;;;
3;4.078.414.472;-7.398.362.492;;;
6;408.561;-7.388.625;;;
1;4.068.565;-7.391.564;;;
0;40.839.549;-73.913.004;;;
0;40.638.246;-74.024.714;;;
0;40.829.114;-73.950.426;;;
3;406.812.117;-7.400.860.912;;;
1;40.640.831;-74.010.996;;;
1;40.784.003;-73.912.297;;;
1;408.014.866;-739.442.507;;;
3;4.077.492.513;-7.398.266.566;;;
2;4.075.118.387.463.270;-7.397.138.714.790.340;;;
2;406.686.744;-739.618.148;;;
4;4.077.632.142.182.270;-7.396.427.392.959.590;;;
2;40.831.444;-73.926.226;;;
3;4.074.692.675.687.380;-739.208.248.257.637;;;
1;40.713.532;-739.459.867;;;
6;40.677.027;-739.865;;;
4;407.877.214;-7.394.728.331;;;
0;4.064.915;-7.394.368;;;
0;4.087.207;-7.388.459;;;
1;40.735.217;-73.954.926;;;
2;407.153.379;-7.401.658.354;;;
2;406.809.741;-739.710.097;;;
2;40.705.774;-73.963.252;;;
6;40.728.846;-74.008.591;;;
2;40.699.871.408.829.800;-7.391.171.872.615.810;;;
2;4.064.483;-7.393.853;;;
1;40.662.611;-73.998.623;;;
3;40.805.089;-73.918.889;;;
2;4.067.945;-7.390.474;;;
0;40.815.077;-73.899.939;;;
2;4.075.727;-7.389.024;;;
5;406.802.133;-7.398.432.695;;;
0;4.069.580.705;-7.397.355.569;;;
2;407.381.765;-7.397.738.662;;;
0;4.069.329;-7.392.852;;;
0;4.066.178;-7.393.445;;;
1;4.067.015;-7.392.538;;;
2;40.752.049;-73.979.635;;;
0;4.066.639;-7.395.346;;;
3;407.580.583;-739.242.751;;;
3;40.652.563;-73.972.573;;;
1;4.085.118.155.499.650;-7.391.465.058.978.440;;;
0;4.075.696;-7.385.612;;;
5;4.068.506.807.308.170;-7.397.790.759.801.860;;;
4;40.827.629;-73.886.659;;;
1;407.699.176;-739.184.057;;;
4;40.717.411;-73.999.573;;;
1;407.989.445;-73.944.846;;;
0;4.066.155;-7.393.974;;;
1;40.695.065;-73.987.167;;;
1;40.647.379;-74.000.911;;;
2;4.084.741;-73.911.359;;;
3;40.651.654;-73.981.231;;;
2;4.075.886;-7.389.081;;;
1;4.088.227;-7.390.809;;;
0;4.071.888;-7.391.427;;;
3;406.740.123;-739.671.457;;;
1;4.066.104;-7.394.795;;;
0;4.075.712;-738.722;;;
0;4.070.834.698;-7.401.713.445;;;
1;4.068.713;-7.393.008;;;
2;407.806.284;-739.521.667;;;
7;4.084.207;-73.926.075;;;
1;4.065.292.829.363.810;-7.401.286.482.810.970;;;
6;4.073.937.600.789.770;-7.400.520.807.425.660;;;
4;407.859.201;-7.394.860.294;;;
1;4.082.394;-73.894.025;;;
1;40.871.094;-73.911.503;;;
3;4.068.940.747;-7.396.885.458;;;
0;4.070.924.826.276.150;-7.396.063.148.975.370;;;
0;4.069.559;-7.389.927;;;
0;40.812.299;-7.392.037;;;
0;407.683;-7.387.331;;;
2;4.070.277.159;-7.399.383.605;;;
1;407.488;-7.389.451;;;
2;40.741.459;-73.983.293;;;
6;40.651.847;-73.965.248;;;
2;4.076.817;-73.896.293;;;
0;407.031.724;-73.940.636;;;
3;4.071.442;-7.390.097;;;
2;406.828.003;-7.399.990.419;;;
2;4.068.382.604;-7.397.632.328;;;
4;406.851.443;-7.395.380.904;;;
0;4.067.308;-7.394.191;;;
2;40.808.633;-73.916.124;;;
1;4.081.989;-73.908.351;;;
1;40.839.137;-73.941.409;;;
1;40.816.567;-73.888.161;;;
3;4.077.862.688;-7.395.772.073;;;
2;40.750.181;-73.919.998;;;
0;4.074.888;-7.387.368;;;
0;408.013.066;-739.398.167;;;
0;4.075.473;-7.389.458;;;
1;40.820.713;-73.911.759;;;
1;40.764.174.520.197.600;-7.391.583.994.030.950;;;
2;4.085.591;-7.390.051;;;
0;40.778.557;-73.919.046;;;
1;4.086.169.883.507.860;-7.391.855.701.804.160;;;
3;40.838.379;-73.905.838;;;
2;4.073.047.747;-7.399.906.065;;;
1;4.070.076;-7.393.641;;;
0;4.074.773;-7.386.649;;;
4;40.702.461;-73.986.842;;;
2;4.068.814;-7.392.693;;;
3;4.073.498;-7.400.697;;;
1;4.070.809;-7.389.549;;;
1;4.068.282;-7.393.488;;;
0;407.532;-73.853;;;
0;4.067.242;-7.393.094;;;
1;40.859.532;-73.913.303;;;
0;4.068.929;-7.390.951;;;
0;4.068.652;-7.391.321;;;
1;4.082.388.366.441.760;-738.974.027.708.582;;;
5;4.073.127;-7.398.849;;;
0;4.087.807;-7.390.796;;;
3;4.084.749;-7.389.464;;;
2;407.429;-7.391.395;;;
0;40.867.505;-73.926.363;;;
0;4.065.629;-73.977.335;;;
3;4.085.025;-7.389.301;;;
1;40.866.899;-73.901.942;;;
0;4.070.907;-7.392.157;;;
1;40.65;-7.393.296;;;
2;4.064.491;-7.395.487;;;
5;4.072.456.089;-7.399.565.293;;;
5;4.068.683.208;-739.796.772;;;
0;40.819.609;-73.916.071;;;
2;4.073.752.993.301.070;-7.400.558.933.615.680;;;
2;4.077.163.851;-7.398.261.428;;;
3;40.723.537;-73.985.112;;;
6;4.065.485;-7.396.217;;;
1;40.647.105;-74.004.483;;;
9;4.072.970.805.644.990;-739.865.979.552.269;;;
0;4.073.145;-7.390.022;;;
2;4.085.307;-7.388.953;;;
4;4.068.676.793;-7.395.928.168;;;
0;4.073.988;-7.386.012;;;
1;4.072.403;-7.390.853;;;
1;4.074.086;-7.391.708;;;
2;4.086.571;-7.390.857;;;
4;4.076.196;-7.387.042;;;
0;40.638.196;-74.013.821;;;
6;406.577;-739.398;;;
0;407.614.376;-739.411.265;;;
0;4.073.916;-738.526;;;
0;4.067.297;-7.393.896;;;
2;4.075.742;-73.945.133;;;
5;407.494.985.460.252;-7.397.729.203.113.150;;;
0;40.745.805;-73.950.752;;;
2;4.076.171.227.910.670;-7.398.655.101.656.910;;;
1;40.752.372;-73.925.384;;;
3;4.067.977;-739.847;;;
2;40.750.756;-73.978.326;;;
2;4.067.251;-7.393.642;;;
3;40.808.484;-73.928.803;;;
0;40.697.481;-73.935.877;;;
1;408.802.945;-738.860.653.648;;;
5;4.074.311;-7.385.715;;;
4;408.125.511;-739.492.286;;;
9;4.074.649.996.333.340;-7.399.732.626.293.640;;;
0;4.074.732;-7.391.197;;;
3;4.074.091;-7.390.273;;;
0;4.074.875;-7.386.285;;;
1;40.856.987;-73.898.237;;;
6;4.085.089;-7.388.793;;;
0;4.074.893;-7.389.981;;;
0;4.072.325;-7.394.308;;;
1;4.068.078;-7.394.613;;;
3;4.083.649;-73.918.316;;;
0;4.085.834;-7.391.008;;;
0;40.763.422;-73.914.142;;;
8;4.070.838;-7.400.495;;;
4;4.084.731;-7.389.981;;;
2;407.424;-7.391.808;;;
3;4.085.724;-738.909;;;
1;40.729.803;-73.959.099;;;
0;40.825.322;-73.887.729;;;
7;4.070.469.667.894.960;-7.400.803.416.967.390;;;
0;4.069.969;-739.022;;;
2;4.073.721.535.335.380;-7.402.886.540.972.800;;;
5;4.072.511.734.422.380;-7.399.930.492.043.490;;;
0;4.067.234;-7.394.763;;;
2;407.785.669;-7.397.754.961;;;
7;4.073.726.186;-7.399.238.967;;;
5;4.068.825.516.598.000;-7.399.545.192.718.500;;;
2;40.711.471.394.469.200;-7.398.672.603.070.730;;;
2;4.076.547.569.244.950;-7.391.811.579.465.860;;;
0;4.074.096;-7.385.357;;;
3;4.072.217.444;-7.398.368.779;;;
0;4.069.543;-739.196;;;
3;4.074.562;-7.392.402;;;
0;407.729;-73.916.142;;;
0;4.075.055;-7.386.725;;;
0;4.074.694.504.524.510;-7.389.650.255.441.660;;;
0;40.75;-7.388.062;;;
0;4.067.404;-7.392.772;;;
2;4.074.737.075.646.800;-7.394.777.297.973.630;;;
3;407.839.636;-739.471.673;;;
0;4.078.839;-739.747;;;
1;4.068.663;-739.168;;;
0;408.704.956;-738.818.756.582;;;
0;407.595.701;-739.142.678;;;
0;4.075.297;-7.389.236;;;
1;4.069.812;-7.390.271;;;
0;4.069.953;-7.388.873;;;
2;4.075.892.386.377.690;-7.396.226.227.283.470;;;
1;4.076.521;-7.386.483;;;
2;4.069.545;-7.391.164;;;
2;4.064.269;-7.396.099;;;
5;40.820.877;-73.939.249;;;
2;40.722.767;-73.957.021;;;
2;40.834.263;-73.917.641;;;
3;4.072.229.346;-7.399.147.535;;;
0;40.816.576;-73.927.987;;;
1;4.086.813;-7.388.412;;;
0;407.535.992.020.056;-7.393.795.609.474.180;;;
1;4.083.196;-7.391.956;;;
0;40.744.831;-73.938.411;;;
2;40.715.143;-73.944.507;;;
3;4.069.465;-739.343;;;
5;40.749.156;-739.916;;;
1;407.408.139;-740.274.062;;;
0;4.075.227.093.837.400;-7.398.770.570.755.000;;;
0;4.075.793;-7.388.401;;;
0;4.067.487.503.856.160;-7.401.048.018.571.480;;;
1;40.839.335;-73.886.445;;;
2;4.070.229;-7.390.145;;;
2;40.767.666;-73.910.963;;;
1;40.832.057;-73.927.421;;;
3;40.846.465;-73.903.869;;;
1;40.774.645;-73.923.706;;;
4;40.837.119;-73.902.185;;;
2;4.074.399;-7.386.781;;;
1;4.073.139.303.364.150;-7.398.286.700.248.710;;;
4;40.807.408;-7.391.924;;;
2;40.819.783;-73.936.521;;;
3;4.071.816.969.454.200;-7.395.520.135.760.300;;;
3;4.076.471.851.944.330;-7.396.222.069.859.500;;;
2;4.072.412.944.090.090;-7.397.901.266.813.270;;;
1;40.713.811;-7.393.515;;;
2;40.795;-739.645;;;
1;40.665.816;-73.956.934;;;
2;4.071.107;-73.903;;;
1;40.686.371;-7.399.383.324;;;
2;4.071.323;-7.393.894;;;
0;407.954.121;-739.441.232;;;
0;4.069.178;-7.397.877;;;
1;4.084.696;-7.388.663;;;
3;40.670.529;-73.958.222;;;
1;40.819.241;-73.941.057;;;
2;4.069.539.817;-7.394.954.908;;;
1;40.724.812.564.400.100;-7.394.752.621.650.690;;;
0;4.067.324.785;-7.395.689.517;;;
2;40.824;-7.391.089;;;
6;40.752.568;-73.996.765;;;
1;4.075.996;-7.386.224;;;
0;4.070.055;-738.943;;;
0;4.069.839.895;-7.398.068.914;;;
2;4.066.318;-7.395.076;;;
3;406.610.633.719.006;-7.397.945.255.041.120;;;
1;40.835.334;-739.154;;;
2;4.071.117.416;-7.400.016.545;;;
1;406.533;-7.393.644;;;
1;40.820.036;-73.921.411;;;
0;4.065.378;-7.395.273;;;
0;40.660.079;-73.998.633;;;
5;40.755.293;-73.967.641;;;
2;407.656.251;-739.136.695;;;
1;4.065.686;-7.395.331;;;
0;4.063.766;-7.401.782;;;
3;40.757.525;-73.901.614;;;
2;4.074.591.072.834.270;-7.399.807.110.428.800;;;
6;4.076.019.252;-739.912.551;;;
2;4.073.124;-7.395.161;;;
8;40.839.586;-73.900.277;;;
5;4.073.781.509;-7.399.994.661;;;
3;407.016.657;-739.437.303;;;
0;4.064.725;-7.394.352;;;
4;4.085.985;-7.389.135;;;
1;40.806.896;-73.911.837;;;
1;4.067.686;-7.393.607;;;
1;4.071.246;-7.391.873;;;
2;4.074.619;-7.387.193;;;
2;4.070.166;-7.392.754;;;
3;4.076.590.936;-7.397.634.151;;;
3;4.074.336.608.027.020;-7.395.960.688.591.000;;;
0;40.820.003;-73.959.089;;;
0;4.070.037.867;-7.399.548.059;;;
2;407.770.575;-7.397.898.475;;;
0;4.066.967.356.370.340;-7.398.898.908.183.760;;;
1;4.076.205;-73.895;;;
4;4.081.734;-73.922.962;;;
1;40.803.399;-73.919.763;;;
3;40.718.822;-7.399.596;;;
1;4.068.834;-7.393.306;;;
2;4.068.374;-739.261;;;
0;4.075.473;-7.393.367;;;
1;4.066.288;-7.394.019;;;
0;4.074.454;-7.388.112;;;
0;4.069.474.881;-7.398.362.464;;;
1;406.627.059;-739.569.115;;;
1;40.817.245;-73.938.787;;;
0;4.065.116;-7.394.577;;;
0;407.671;-739.169.858;;;
1;406.831.164;-7.399.785.267;;;
1;406.902.375;-7.399.203.074;;;
1;4.065.326;-7.396.172;;;
2;4.071.924;-7.395.242;;;
5;4.073.026;-7.395.394;;;
5;408.301.283.948.092;-7.388.630.211.353.300;;;
4;4.085.890.447.538.410;-739.230.939.745.903;;;
0;40.650.176;-74.015.606;;;
3;40.842.173;-73.935.111;;;
3;406.773.429;-7.401.275.056;;;
0;40.754.795;-73.917.014;;;
5;408.107.922;-739.430.681;;;
1;40.787.801;-73.953.559;;;
0;40.859.166;-73.933.872;;;
0;4.075.397;-7.385.748;;;
0;406.685.455;-7.399.333.264;;;
2;40.642.809;-73.979.239;;;
4;40.676.368;-73.952.918;;;
1;408.358.771;-738.931.428;;;
1;4.066.016;-73.990.974;;;
4;40.805.159;-73.954.692;;;
0;4.067.922;-7.392.192;;;
1;40.754.164;-73.908.906;;;
3;4.068.753.406;-7.397.265.183;;;
3;40.698.568;-73.918.877;;;
6;4.079.313.480.986.660;-7.397.700.369.358.060;;;
5;407.937.704;-73.971.888;;;
0;40.665.507;-73.993.037;;;
4;4.074.714;-7.397.113;;;
2;40.705.614;-7.392.153;;;
1;40.829.523;-73.944.279;;;
2;40.698.617;-73.941.342;;;
0;40.648.481;-7.397.058;;;
1;407.611.488;-739.170.071;;;
1;406.663.181;-739.854.617;;;
0;4.066.619;-7.393.162;;;
0;40.659.053;-7.398.854;;;
0;4.082.809;-7.391.288;;;
0;408.604.787;-739.057.169.936;;;
1;40.814.046;-7.391.186;;;
2;40.657.743;-74.001.141;;;
0;406.747.055;-740.075.572;;;
4;4.075.763.227.739.440;-7.396.930.575.370.780;;;
0;4.071.832;-7.390.128;;;
0;4.073.832;-7.387.913;;;
1;407.449.067;-739.534.573;;;
3;4.068.851.534;-739.647.628;;;
2;40.702.831;-739.333;;;
2;408.086.249;-739.596.214;;;
0;40.854.123.869.116;-7.389.932.222.664.350;;;
1;40.831.998;-73.892.686;;;
1;406.772.744;-7.398.282.002;;;
0;4.076.408.932.350.680;-7.391.065.120.697.020;;;
2;4.068.539.567;-7.397.431.458;;;
3;4.066.732;-7.393.398;;;
1;407.107;-7.390.525;;;
1;4.065.153;-7.396.277;;;
2;4.076.138;-7.386.035;;;
2;4.074.431;-7.392.601;;;
0;4.068.763.155;-740.016.256;;;
1;40.791.976;-73.945.993;;;
1;4.074.615;-7.387.763;;;
0;40.710.681;-7.393.372;;;
1;4.065.624;-7.400.933;;;
2;4.075.510.267;-7.397.498.696;;;
1;40.819.746;-73.951.819;;;
0;40.761.294;-73.909.562;;;
0;4.067.351;-7.393.363;;;
6;40.749.717.753;-74.002.950.346;;;
8;40.673.746;-73.985.649;;;
2;4.082.923;-73.936.996;;;
1;4.075.934.501;-7.396.759.673;;;
0;4.070.514.807.698.390;-7.397.078.096.866.600;;;
2;40.837.213;-73.908.345;;;
0;4.067.372;-7.392.199;;;
1;40.644.512;-74.021.506;;;
3;4.072.467.721;-7.398.783.413;;;
3;4.074.232.744;-7.395.411.749;;;
0;4.071.413.311;-7.395.234.386;;;
0;4.067.113;-7.394.222;;;
5;4.071.173.107;-7.399.193.043;;;
0;4.070.934;-7.395.608;;;
0;4.075.499;-7.388.905;;;
2;4.073.795;-7.398.509;;;
0;4.075.255.434;-7.397.282.625;;;
2;40.740.821.207.823.200;-7.393.147.185.444.830;;;
1;4.082.319.448.542.350;-7.388.762.910.982.090;;;
5;40.734.232;-73.986.923;;;
0;4.071.069.995;-7.400.354.147;;;
5;40.839.229;-73.899.047;;;
2;4.075.973.805.251.140;-7.397.811.613.976.950;;;
1;4.085.501;-73.910.751;;;
2;406.758.324;-739.561.677;;;
3;40.843.965;-73.920.999;;;
1;40.752.694;-74.002.353;;;
0;4.065.815;-7.395.674;;;
3;4.075.461;-7.399.177;;;
1;4.074.908;-7.389.172;;;
2;4.075.958;-7.388.219;;;
1;4.069.221.589;-739.842.844;;;
0;4.088.226;-7.388.702;;;
1;4.071.790.852.734.050;-73.908.454.477.787;;;
3;4.069.072.549;-7.395.133.465;;;
2;4.075.001.640.425.930;-7.391.540.944.576.260;;;
2;4.065.272;-7.394.994;;;
1;4.067.686;-7.393.327;;;
4;40.758.397;-7.398.255;;;
2;406.786;-7.390.369;;;
1;4.066.026;-7.396.045;;;
4;40.826.706;-73.888.719;;;
2;4.068.332;-7.391.711;;;
2;4.072.228.087;-7.397.668.709;;;
0;4.067.607;-7.392.171;;;
0;40.808.891;-7.391.081;;;
1;40.823.061;-73.941.928;;;
3;40.809.725;-73.953.149;;;
2;4.074.436.328.706.680;-739.558.732.509.613;;;
1;4.087.142;-7.388.839;;;
1;40.827.230.499.624.700;-7.391.765.579.597.630;;;
3;4.068.542.400.997.010;-7.399.127.773.940.560;;;
8;4.076.153.045.158.110;-7.399.007.007.479.660;;;
4;4.073.921;-7.386.887;;;
0;40.81;-739.551.508;;;
0;4.074.252;-73.948.852;;;
6;40.804.372;-73.951.475;;;
5;40.778.301;-739.488.134;;;
1;40.762.507;-73.902.534;;;
2;4.072.368;-7.390.458;;;
2;40.862.058;-73.929.719;;;
2;4.077.301.508.291.380;-7.391.119.033.098.220;;;
2;40.754.176;-73.900.318;;;
0;40.799.139;-739.389.152;;;
1;4.073.707;-7.390.077;;;
0;4.066.876;-7.393.376;;;
2;40.642.501;-74.006.055;;;
1;40.811.112;-73.914.932;;;
0;4.074.463;-7.387.386;;;
0;4.075.951;-7.386.491;;;
4;40.826.969;-73.949.738;;;
1;40.638.566;-74.010.147;;;
0;4.074.364;-7.388.622;;;
2;40.676.757;-73.983.262;;;
2;40.844.075;-73.917.256;;;
0;4.065.399;-7.392.967;;;
2;407.973.721;-7.397.041.192;;;
0;4.070.497;-7.389.965;;;
2;4.070.991.806.921.530;-7.399.161.100.387.570;;;
4;40.775.744;-739.563.752;;;
0;407.739.825;-739.309.134;;;
1;4.070.067;-7.389.907;;;
1;40.872.412;-73.912.807;;;
5;4.073.342.399.437.080;-7.400.851.495.563.980;;;
1;4.084.616;-7.389.322;;;
5;4.084.096;-7.387.923;;;
1;407.475.739.589.548;-739.788.007.736.206;;;
1;40.672.784;-73.979.826;;;
5;40.762.009;-73.996.975;;;
3;4.073.652.889;-7.400.618.026;;;
0;4.075.326;-7.390.585;;;
6;4.076.009.437;-7.399.461.843;;;
2;40.702.709;-7.399.253;;;
1;4.066.227;-7.393.762;;;
3;4.068.186;-73.959.432;;;
1;40.851.113;-73.928.808;;;
2;4.074.731;-7.395.451;;;
3;407.767;-73.927.631;;;
2;4.069.608.941;-7.397.803.415;;;
1;4.065.707;-7.395.005;;;
2;40.819.701;-73.901.311;;;
0;40.652.657;-74.002.356;;;
3;4.074.653.761.978.050;-7.393.215.849.995.610;;;
0;4.076.428;-7.389.156;;;
2;40.677.236;-74.015.665;;;
5;406.847.514;-7.399.917.254;;;
0;4.075.704;-738.924;;;
3;4.070.366.170.524.130;-740.131.813.287.735;;;
0;407.692.475;-739.354.504;;;
0;40.654.098;-74.001.131;;;
1;40.731.734.785.883.400;-739.612.390.102.593;;;
1;40.640.493;-7.402.564;;;
2;407.746.671;-7.398.470.567;;;
1;40.826.406;-73.937.948;;;
1;407.638.753;-739.364.848;;;
0;407.728.384;-7.394.989.233;;;
1;4.068.158;-7.391.959;;;
7;408.078.316;-73.949.373;;;
1;40.774.591;-73.918.544;;;
1;4.074.154;-7.387.484;;;
0;4.084.627.592.921.950;-7.390.931.278.467.170;;;
6;40.763.189;-73.978.434;;;
0;4.088.224;-7.389.136;;;
1;40.814.232;-73.903.927;;;
1;4.070.870.368;-739.448.625;;;
3;406.893.952;-739.995.126;;;
3;4.071.739.973;-7.398.016.555;;;
1;406.988;-739.007;;;
2;407.921;-739.739;;;
2;40.810.893;-73.927.311;;;
1;4.066.343;-7.393.472;;;
0;4.066.929;-7.393.679;;;
2;4.073.481;-7.387.431;;;
1;4.070.355.377;-7.400.670.227;;;
0;407.701.477;-739.120.938;;;
1;4.070.998;-7.391.116;;;
0;406.737.236;-739.631.611;;;
1;40.807.466;-73.927.107;;;
1;40.651.354;-74.007.168;;;
1;4.081.899;-7.390.202;;;
1;4.074.214;-7.385.418;;;
2;40.698;-739.127;;;
0;406.679.411;-739.588;;;
2;4.083.999;-7.390.549;;;
1;4.064.466;-7.396.322;;;
1;406.791.944;-739.587.903;;;
6;4.076.017.739.537.780;-7.398.486.793.041.220;;;
4;4.076.695.317;-7.398.169.333;;;
2;40.756.913;-73.921.631;;;
0;4.073.568;-7.390.387;;;
4;40.752.762.088.742.000;-7.399.280.458.705.100;;;
0;407.493.722.738.996;-7.389.738.768.339.150;;;
1;4.071.915.571.696.040;-7.394.885.390.996.930;;;
2;4.075.527.307;-7.398.316.936;;;
4;4.078.524.672;-7.397.667.321;;;
1;40.854.947;-73.916.661;;;
0;4.071.988;-7.390.556;;;
1;4.064.672;-7.396.637;;;
2;40.817.166;-73.914.737;;;
3;4.064.483;-739.613;;;
0;4.068.281;-7.390.623;;;
4;4.079.752.078.124.750;-739.489.397.406.578;;;
2;406.830.456;-7.400.348.559;;;
3;4.070.336.686.695.860;-74.007.867.872.715;;;
2;4.076.663.971.723.090;-739.286.595.582.962;;;
1;40.703.681;-7.395.427;;;
1;40.648.169;-74.000.057;;;
1;407.457.121;-7.398.194.829;;;
1;40.821.294;-73.947.868;;;
3;40.822.217;-73.928.939;;;
6;40.840.536;-73.919.228;;;
0;4.074.919;-7.387.054;;;
5;407.687.620.293.096;-7.395.840.793.848.030;;;
1;4.073.892;-7.386.367;;;
3;4.072.110.063;-739.919.254;;;
1;4.068.491;-7.391.493;;;
0;407.601.853;-739.362.726;;;
2;4.072.231;-740.106;;;
4;40.772.768.286.288.300;-7.392.743.647.098.540;;;
1;4.071.019;-7.393.734;;;
2;4.083.094;-7.391.125;;;
0;406.800.105;-73.938.475;;;
0;40.769.219;-73.901.001;;;
2;4.072.779.126;-7.398.564.945;;;
0;4.067.128;-7.392.825;;;
1;4.077.518.615;-7.394.446.054;;;
1;4.075.257;-7.389.538;;;
5;4.078.115.276.427.910;-7.394.963.040.947.910;;;
7;40.675.146.838.709.700;-7.397.523.209.452.620;;;
5;4.073.221.853;-7.398.165.557;;;
1;4.073.565.914.819.220;-7.393.478.840.589.520;;;
2;4.064.235;-7.396.951;;;
0;4.084.224;-738.985;;;
2;40.806.414;-73.936.085;;;
0;4.071.921;-739.124;;;
2;4.070.853.074;-7.396.408.963;;;
1;4.075.898.481.399.630;-7.399.379.968.643.180;;;
0;4.074.324;-73.908;;;
3;4.071.225;-7.389.111;;;
5;40.680.611;-7.399.475.825;;;
6;4.072.743.423;-7.399.379.025;;;
1;4.073.624.527;-7.398.473.765;;;
2;40.782.454.175.279.800;-739.489.196.240.902;;;
0;4.068.906;-7.390.506;;;
4;40.802.535;-739.532.423;;;
0;4.074.046;-738.565;;;
2;407.691.572;-7.396.703.464;;;
1;4.083.998;-738.806;;;
3;4.082.696;-73.907.451;;;
0;407.654;-7.388.256;;;
0;4.071.745.169;-7.395.850.939;;;
1;40.719.876;-73.963.865;;;
3;408.579;-7.388.147;;;
1;4.067.669;-7.394.437;;;
0;40.666.197;-73.992.466;;;
1;4.079.558.954.105.340;-7.396.188.408.136.360;;;
0;406.728.155;-7.398.352.355;;;
3;4.076.535.380.385.860;-7.393.986.314.535.140;;;
1;408.601;-738.866;;;
0;4.067.639;-7.392.748;;;
2;4.083.171;-7.390.208;;;
0;407.423.737;-739.566;;;
4;4.072.323;-7.400.314;;;
2;4.072.243.797;-7.400.566.443;;;
1;4.075.098;-7.390.799;;;
0;40.820.681;-73.945.144;;;
2;4.074.718;-7.388.675;;;
1;40.687.880.939.612.700;-7.398.939.281.702.040;;;
3;4.087.655;-7.390.941;;;
0;40.764.496;-73.904.632;;;
0;40.826.881;-73.941.427;;;
1;40.824.796;-7.390.242;;;
2;40.832.171;-73.889.686;;;
2;4.076.669.671;-7.399.061.728;;;
2;40.811.314;-73.907.729;;;
2;4.073.213.896.287.380;-7.400.363.802.909.850;;;
2;40.713.126;-73.984.844;;;
0;407.892.105;-7.394.370.784;;;
1;4.074.521;-7.390.462;;;
2;4.076.108;-73.930.562;;;
0;4.073.028;-7.390.421;;;
1;40.777.112;-73.902.382;;;
3;4.082.995;-73.898.802;;;
1;4.072.235;-7.391.215;;;
1;40.832.812;-73.929.372;;;
9;40.711.444;-74.014.847;;;
0;40.640.125;-74.015.726;;;
3;40.808.384;-73.923.604;;;
1;40.745.038;-73.957.539;;;
2;4.071.622.644;-7.398.261.206;;;
1;40.743.540.273.428.600;-7.392.435.193.061.820;;;
3;4.074.177.603;-7.400.149.746;;;
3;40.709.697;-73.907.856;;;
1;406.972;-7.390.674;;;
3;406.704.922;-7.398.541.675;;;
1;4.067.709;-739.008;;;
0;4.081.449;-73.936.153;;;
1;408.008.363;-739.664.492.472;;;
6;4.069.196.035;-7.396.536.851;;;
2;4.067.374;-7.390.852;;;
1;4.067.759.206.937.370;-73.955.637.216.568;;;
1;40.659.555;-73.995.068;;;
1;4.070.553;-739.096;;;
1;4.074.144.387;-7.397.536.082;;;
1;4.071.273.266;-740.046.073;;;
3;4.068.454;-739.322;;;
0;40.648.055;-73.972.432;;;
1;408.684.871;-738.884.559.781;;;
3;4.070.510.918;-7.394.407.279;;;
0;4.068.494;-7.392.299;;;
1;4.074.965.268.472.840;-739.952.078.461.647;;;
0;406.827.549;-7.398.258.555;;;
6;4.076.227.205;-7.398.788.205;;;
2;40.831.584;-739.149;;;
2;4.071.269.042;-7.398.776.323;;;
4;4.075.375;-7.388.423;;;
4;4.063.966;-7.396.807;;;
2;408.496.401;-739.161.206;;;
1;4.068.967.018.552.250;-7.397.527.355.121.370;;;
1;4.074.179;-7.389.564;;;
0;407.575.699;-7.399.098.507;;;
1;4.072.066.442;-7.398.517.977;;;
2;40.651.745;-73.975.988;;;
1;4.070.117;-738.904;;;
2;4.075.675;-7.389.595;;;
0;406.883.337;-73.950.916;;;
3;40.836.733;-73.887.931;;;
1;40.821.075;-73.895.069;;;
2;4.073.827.428;-7.398.751.968;;;
0;4.075.748;-7.386.843;;;
1;40.643.817;-73.977.433;;;
3;40.832.314;-7.394.102;;;
0;4.074.586;-7.388.539;;;
1;4.071.939.226;-7.400.247.214;;;
0;4.074.087;-7.386.772;;;
0;40.822.351;-73.926.907;;;
4;4.085.670.801.831.250;-7.390.265.285.968.770;;;
2;4.073.935.542;-7.399.931.783;;;
2;407.569.332;-739.262.231;;;
5;4.074.487.634;-7.399.529.885;;;
3;40.827.883;-73.927.111;;;
0;407.388;-7.390.338;;;
0;40.818.212;-73.955.277;;;
1;4.076.360.467.795.860;-7.398.917.958.140.370;;;
3;4.075.651.272.984.950;-7.392.957.486.212.250;;;
1;40.757.284;-739.536;;;
0;4.074.679;-7.390.893;;;
0;4.074.005.708.567.280;-740.052.741.765.976;;;
2;408.082;-739.641;;;
5;408.013.434;-739.711.457.439;;;
1;407.835.016;-73.955.327;;;
3;4.072.746.420.692.390;-7.397.950.418.293.470;;;
1;40.823.162;-73.923.267;;;
0;4.083.406;-7.392.243;;;
1;4.064.683;-7.394.933;;;
2;4.066.959;-7.394.237;;;
2;4.076.473.420.006.510;-7.399.194.359.779.350;;;
4;40.735.367.055.605.300;-7.398.797.392.845.150;;;
1;4.075.874;-7.387.535;;;
0;40.858.472;-7.390.266;;;
2;4.072.353;-7.389.967;;;
0;40.680.342.423;-739.557.689.392;;;
8;40.705.945.132.708.800;-7.401.321.887.969.960;;;
4;4.086.945;-7.389.148;;;
3;406.845.683;-7.395.881.081;;;
4;406.769.993;-7.400.647.134;;;
0;4.074.215.636.827.720;-7.392.662.644.386.290;;;
3;4.072.248.188.638.210;-7.395.921.930.670.730;;;
1;406.704.836;-7.398.208.968;;;
0;4.077.813;-7.390.842;;;
2;40.657.265;-73.974.165;;;
0;4.075.755;-7.386.454;;;
1;406.933.982;-73.939.877;;;
0;40.811.675;-73.917.037;;;
0;4.081.263.616.769.310;-7.392.924.964.427.940;;;
0;4.074.281;-7.388.296;;;
1;4.070.636;-7.391.945;;;
0;4.070.708.701;-7.395.796.783;;;
0;406.843.549;-7.398.901.629;;;
1;40.763.328;-73.908.782;;;
0;4.067.095;-7.392.222;;;
1;4.078.145;-739.183.302;;;
1;4.086.648;-7.389.042;;;
1;407.969.347;-739.643.412.291;;;
3;4.080.949.534.777.940;-7.394.776.493.310.920;;;
1;4.070.575;-7.389.676;;;
3;4.076.780.080.148.130;-7.396.592.080.593.100;;;
1;40.738.095;-73.954.867;;;
1;4.071.117.444;-7.399.682.619;;;
3;4.069.241.829.257.840;-7.398.949.474.096.290;;;
0;4.077.171.710.520.820;-7.393.159.255.385.390;;;
0;407.523;-7.388.093;;;
2;40.833.303;-73.939.326;;;
1;40.658.029;-73.989.605;;;
0;4.087.656;-7.388.366;;;
1;4.073.172.428;-7.400.674.436;;;
2;4.070.793;-7.391.092;;;
0;4.073.401.143;-7.400.293.877;;;
1;4.085.198;-7.389.438;;;
1;40.830.051;-73.892.103;;;
1;4.066.688;-739.425;;;
1;40.753.441;-73.912.402;;;
4;4.070.140.463.410.640;-7.398.768.022.656.440;;;
0;4.074.622.874.694.190;-7.391.616.314.649.580;;;
6;4.073.535.398;-7.400.483.091;;;
7;4.074.322.681.432.170;-7.397.449.783.980.840;;;
0;4.075.947;-7.388.431;;;
1;4.072.170.005.235.600;-7.400.238.141.417.500;;;
2;4.072.028;-7.399.879;;;
1;4.076.086;-7.387.308;;;
2;40.804.038;-73.945.925;;;
1;40.832.164;-73.949.702;;;
1;406.938;-7.393.114;;;
2;40.693.261;-73.968.896;;;
2;40.814.469;-73.924.963;;;
0;4.065.458;-7.394.716;;;
2;40.754.818;-73.988.154;;;
0;40.823.872;-73.908.699;;;
5;4.076.087.502;-7.400.277.668;;;
2;4.071.978.635.452.820;-7.397.871.628.403.660;;;
2;4.066.852;-7.391.908;;;
1;40.854.788;-73.929.513;;;
3;40.759.107;-73.959.223;;;
0;4.082.123.860.172;-739.173.299.074.173;;;
1;408.006.721;-739.349;;;
2;4.070.684.203.101.320;-739.544.353.965.357;;;
1;4.083.173;-73.922.394;;;
0;40.815.484;-73.935.856;;;
2;40.718.389;-73.961.501;;;
5;40.702.997;-7.392.997;;;
3;407.098;-7.391.727;;;
1;4.074.841;-738.751;;;
1;4.087.995;-7.390.536;;;
0;40.850.535;-73.901.318;;;
0;4.076.344.058;-7.398.268.129;;;
0;40.867;-738.857.764;;;
2;4.076.341.379;-7.399.667.444;;;
0;407.519.071;-739.479.119;;;
1;40.662.564;-73.945.565;;;
3;407.639.089;-739.477.213;;;
1;4.084.004;-73.942.939;;;
0;4.067.955;-7.394.709;;;
0;4.072.583.996.792.370;-740.076.532.959.938;;;
2;4.071.484;-73.909;;;
1;40.827.075;-73.945.909;;;
1;4.085.472;-7.389.022;;;
0;4.067.202;-7.392.539;;;
1;4.075.370.225.419.110;-7.395.865.201.950.070;;;
3;40.861.915;-73.894.831;;;
3;408.029.263;-739.379;;;
3;408.660.052;-73.904.254.892;;;
0;4.072.521.311;-7.397.768.752;;;
0;4.074.288;-7.389.283;;;
1;4.069.610.226;-7.396.751.037;;;
2;4.072.854.745.023.940;-7.398.175.925.016.400;;;
0;40.862.562;-73.922.661;;;
3;4.071.334.184.275.900;-7.400.935.515.761.370;;;
0;4.074.646;-7.387.996;;;
3;4.069.757;-7.393.098;;;
2;4.086.156;-7.391.219;;;
3;4.075.323.098;-7.397.032.517;;;
2;4.076.156;-7.388.167;;;
3;4.069.760.127;-7.399.344.559;;;
3;4.087.387;-7.389.533;;;
2;406.750.705;-7.398.775.226;;;
1;4.073.577;-7.390.184;;;
5;4.071.167.351;-7.395.141.312;;;
1;40.660.906;-73.983.074;;;
0;40.693;-7.390.824;;;
2;4.071.602.118;-7.399.974.372;;;
3;40.824.811;-73.916.407;;;
0;4.070.863;-7.391.497;;;
1;407.396.139;-73.945.151;;;
1;4.066.481;-7.394.269;;;
2;4.070.877.084;-7.395.095.259;;;
2;40.855.331;-73.937.878;;;
4;4.073.912.601;-7.397.973.776;;;
5;4.075.724.567.911.720;-7.397.805.914.282.790;;;
0;40.770.888;-73.889.914;;;
1;4.066.127;-7.395.352;;;
0;4.070.076.308.326.150;-7.398.869.812.488.550;;;
5;407.904.828;-7.395.033.068;;;
0;4.067.363.551.341.500;-7.401.195.555.925.360;;;
2;40.775.415;-73.900.063;;;
0;406.747;-7.392.512;;;
1;408.649.213;-739.024.238;;;
0;40.659.945;-73.977.504;;;
1;406.686.627;-7.397.988.067;;;
0;4.068.018;-7.391.136;;;
2;4.076.013;-7.389.741;;;
1;40.817.802;-73.905.203;;;
1;40.699.304;-73.923.044;;;
0;40.697.842;-73.926.241;;;
5;40.795.508;-73.941.606;;;
2;407.682;-739.322.662;;;
0;4.081.695.971.032.460;-739.422.959.089.279;;;
0;407.208.736;-7.398.085.795;;;
2;4.070.029.511;-7.395.032.283;;;
0;4.076.800.889.305.940;-7.396.845.281.124.110;;;
1;4.073.866.345.465.300;-7.394.093.804.061.410;;;
1;406.630.619;-739.538.746;;;
2;407.564;-7.387.504;;;
3;40.816.355;-73.954.295;;;
1;40.702.753;-73.953.168;;;
3;407.003;-73.991.581;;;
1;4.071.798;-7.391.818;;;
0;408.038.654;-739.559.308;;;
6;407.435.337.324.616;-7.400.367.558.002.470;;;
0;4.065.563;-7.395.968;;;
0;40.706.732;-73.961.241;;;
1;4.072.655;-7.390.321;;;
0;4.064.575;-7.394.331;;;
3;4.072.155;-7.390.295;;;
1;40.686.722;-73.938.988;;;
2;40.820.578;-73.888.271;;;
0;4.074.336;-7.385.129;;;
1;408.535;-7.388.177;;;
1;4.074.638;-7.388.322;;;
0;4.067.853;-7.391.642;;;
4;40.689.888;-73.981.013;;;
0;40.645.921;-74.005.708;;;
3;4.076.584.941;-7.398.690.506;;;
7;407.612.274;-7.396.094.022;;;
2;40.654.144;-7.400.422;;;
1;406.794.327;-7.400.785.041;;;
2;4.072.082.834;-7.397.793.172;;;
1;4.084.522;-73.940.493;;;
0;4.074.578.861.252.210;-739.072.778.339.874;;;
3;4.069.400.964.865.990;-7.399.465.128.779.410;;;
3;40.760.083;-73.907.107;;;
1;407.675.487.799.971;-739.209.334.552.288;;;
2;4.071.429;-7.393.323;;;
0;40.848.177;-73.916.082;;;
2;4.084.311;-7.389.149;;;
2;4.084.301;-7.391.172;;;
4;4.085.157;-7.388.475;;;
2;4.079.558;-7.391.906;;;
0;4.074.825;-7.387.936;;;
4;4.070.539;-7.392.976;;;
2;406.942.715;-739.923.272;;;
1;4.064.507;-739.488;;;
0;4.072.486.122.254.810;-7.399.213.135.242.460;;;
4;4.075.462.324.029.100;-7.399.516.761.302.940;;;
8;4.072.615.604.980.400;-7.399.510.189.890.860;;;
0;4.082.831;-73.942.924;;;
1;4.072.708.584;-7.395.299.117;;;
6;406.794.388;-739.680.438;;;
2;40.824.013;-73.954.743;;;
2;4.075.863;-7.397.513;;;
0;4.074.751;-7.389.372;;;
0;4.074.325;-7.389.079;;;
0;4.072.419;-7.391.244;;;
7;4.071.625.008;-740.091.059;;;
1;4.073.224;-7.394.383;;;
1;40.679.043;-74.011.169;;;
5;4.073.275.887.045.080;-7.399.581.670.761.100;;;
0;4.086.788;-73.919.685;;;
0;4.072.019.521.437.460;-740.103.006.362.915;;;
2;40.834.468;-73.939.865;;;
1;40.709.267;-74.013.247;;;
2;4.071.427.487;-7.398.990.025;;;
2;4.074.966;-739.521;;;
0;408.067.581;-739.607.082;;;
6;4.072.951.496.224.940;-7.399.075.269.699.090;;;
3;4.072.299.208;-7.397.995.466;;;
1;4.067.923;-7.392.588;;;
0;40.855.653;-73.905.528;;;
5;4.072.453.734;-7.398.185.424;;;
0;4.075.776.935.448.300;-7.397.929.430.007.930;;;
6;4.074.172.351.097.470;-7.397.809.267.044.060;;;
3;406.763.947;-7.399.869.893;;;
1;4.075.186.951.421.870;-7.393.349.289.894.100;;;
0;4.074.462;-7.391.143;;;
1;4.085.168;-7.394.186;;;
4;4.074.275.382.865.900;-7.400.747.358.798.980;;;
2;406.809.833.854;-739.500.479.759;;;
0;4.074.278;-7.386.226;;;
2;4.075.500.254;-7.398.014.437;;;
1;408.120.562;-739.612.547;;;
1;4.068.012;-7.395.362;;;
0;407.485;-73.941.275;;;
1;40.690.434;-73.903.737;;;
0;4.083.130.549.267.290;-7.391.744.792.461.390;;;
0;4.069.714;-7.391.566;;;
6;4.077.748.046;-7.398.288.594;;;
2;4.075.172.632;-7.398.753.523;;;
5;40.668.127;-7.398.377.641;;;
1;4.067.818.387.977.640;-740.170.168.876.648;;;
5;4.078.585.105.291.380;-7.395.482.444.378.060;;;
3;40.802.554;-73.933.509;;;
1;40.658.489;-73.985.543;;;
2;4.073.303;-73.871;;;
11;40.706.410.755.236.100;-7.400.559.738.278.380;;;
6;40.844.811;-73.912.042;;;
0;4.072.158;-7.394.546;;;
2;406.703.837;-7.397.839.676;;;
0;4.087.471;-7.391.099;;;
1;4.075.516.719.072.130;-7.400.059.908.628.460;;;
1;4.068.858;-7.391.227;;;
3;408.114.323;-739.518.776;;;
0;407.027;-7.392.095;;;
3;40.858.498;-7.389.637;;;
0;4.087.144.520.687.110;-7.389.289.632.439.610;;;
1;4.075.301;-7.387.266;;;
0;4.066.131;-7.396.091;;;
0;40.639.859;-74.019.776;;;
0;4.076.399;-738.669;;;
0;4.076.768;-7.387.899;;;
0;4.071.032;-7.389.955;;;
1;4.064.621;-7.393.067;;;
2;408.011.939;-739.500.739;;;
2;4.071.247.661;-7.394.100.005;;;
1;4.066.939;-7.394.514;;;
1;4.078.339.981;-7.398.093.133;;;
0;40.676.513;-73.959.431;;;
4;40.711.863;-73.944.024;;;
0;4.071.766.197.083.990;-7.394.880.026.578.900;;;
4;407.577.284;-739.166.368;;;
2;4.087.812;-7.389.192;;;
1;408.109.494;-739.634;;;
0;4.074.944;-7.385.792;;;
2;40.823.732;-73.919.379;;;
3;40.763.954;-739.646;;;
1;407.779.453;-73.946.041;;;
3;40.835.798;-73.937.496;;;
3;4.065.230.357.303.060;-7.401.344.954.967.490;;;
0;4.067.524;-7.393.596;;;
0;4.069.502;-7.392.825;;;
3;4.079.017.948.095.080;-7.397.288.918.495.170;;;
2;4.069.795.031.569.540;-7.397.077.560.424.800;;;
1;40.825.244;-73.947.257;;;
2;4.075.053;-738.977;;;
1;40.850.036;-73.912.785;;;
3;4.085.556;-7.389.615;;;
3;4.075.929.124;-7.398.859.651;;;
2;4.071.782.143;-7.397.628.939;;;
0;40.819.823;-73.912.411;;;
14;4.079.249.519.495.110;-7.396.417.066.463.070;;;
2;40.727.243;-73.976.831;;;
1;4.086.814;-7.388.145;;;
1;4.065.794;-7.394.735;;;
0;408.740.704;-738.833.650.931;;;
1;4.073.466;-7.386.501;;;
2;406.739.411;-7.396.026;;;
0;40.633.385;-74.016.562;;;
0;40.807.347.437.082;-7.390.809.774.398.800;;;
0;40.724.055;-73.955.736;;;
4;40.823.168;-73.955.857;;;
3;4.084.234;-7.389.409;;;
0;40.749.207;-73.949.373;;;
2;40.822.756;-73.951.346;;;
2;40.649.145;-74.009.486;;;
0;407.713.937;-739.077.436;;;
1;4.088.417;-7.389.793;;;
4;406.804.836;-739.646.795;;;
1;406.793.307;-7.397.519.523;;;
0;406.783.563;-7.400.014.502;;;
1;406.814.598;-73.934.903;;;
2;4.069.385;-7.390.974;;;
4;40.732.647;-7.399.011;;;
1;4.067.767.534;-7.396.902.144;;;
1;40.814.383;-73.915.368;;;
2;40.761.865;-73.977.242;;;
0;4.083.899;-739.109;;;
7;40.809.619;-73.917.875;;;
1;40.649.037;-7.397.673;;;
0;4.087.139;-73.914.318;;;
1;4.071.929.301;-7.394.500.379;;;
3;4.072.335.597.960.790;-7.398.864.984.512.320;;;
2;40.708.323;-73.948.732;;;
1;406.535;-7.400.902;;;
3;40.700.119;-739.862;;;
6;4.070.717.936;-7.400.887.308;;;
2;40.717.318.403.855.700;-7.399.067.759.513.850;;;
0;4.066.811;-739.505;;;
3;40.848.467;-73.936.064;;;
2;4.071.076.228;-7.399.400.398;;;
1;40.834.857;-73.903.743;;;
3;4.070.555;-7.390.245;;;
0;4.068.273;-7.392.926;;;
2;4.074.345.335;-7.400.004.031;;;
3;407.606.597;-7.398.042.047;;;
1;4.075.201;-7.389.986;;;
1;4.070.068;-7.390.742;;;
4;407.158.155;-7.399.422.366;;;
7;4.074.317.449;-7.400.366.443;;;
9;407.239.567.849.954;-7.394.984.364.509.580;;;
0;4.066.591;-7.392.602;;;
1;4.066.124;-7.393.164;;;
1;4.067.890.679;-7.394.142.771;;;
1;4.072.906;-7.395.779;;;
2;4.069.296;-7.391.605;;;
2;4.075.022.392;-7.397.121.414;;;
1;4.069.991.755;-7.398.971.773;;;
4;4.072.740.794;-7.398.142.006;;;
0;4.074.582;-7.386.433;;;
1;406.746.957;-7.399.785.768;;;
0;4.074.373;-7.385.583;;;
7;4.076.030.096;-7.399.884.222;;;
0;4.072.577;-7.394.173;;;
2;4.086.874;-7.389.657;;;
0;406.991.049;-73.960.633.406;;;
4;4.065.182;-7.393.135;;;
8;4.072.953.837;-7.398.426.726;;;
0;407.261;-7.390.917;;;
0;4.064.521;-7.397.073;;;
11;40.745.686;-74.005.141;;;
1;4.070.886;-7.390.182;;;
0;40.666.168;-73.995.549;;;
2;40.839.312;-73.922.423;;;
1;40.802.692;-7.396.295;;;
1;4.071.301;-7.390.968;;;
1;407.471.482.490.328;-7.392.902.433.872.220;;;
3;4.069.573.398;-7.397.129.668;;;
0;4.072.249;-7.390.854;;;
0;4.077.977;-73.923.162;;;
1;4.066.992;-7.392.002;;;
0;4.074.891;-7.390.899;;;
2;40.821.967;-73.896.752;;;
1;4.073.937;-7.387.411;;;
3;4.070.463.334;-7.401.361.706;;;
1;4.087.704;-7.388.943;;;
1;4.075.404;-7.386.887;;;
2;4.070.157.340.873.790;-7.390.876.293.182.370;;;
2;40.655.278;-74.003.101;;;
2;407.949.879;-739.333.349;;;
0;4.067.261;-7.391.977;;;
1;4.087.002;-7.388.565;;;
4;40.725.819;-73.950.815;;;
3;40.714.211;-73.981.095;;;
3;4.084.089.603.193.040;-7.393.972.098.827.360;;;
1;4.068.989;-7.391.458;;;
1;407.934.337;-7.394.945.003;;;
1;40.839.142;-73.925.961;;;
2;4.068.737.247.650.710;-7.398.176.059.126.850;;;
0;407.659;-73.930.819;;;
1;4.076.873.687;-7.396.119.945;;;
0;407.424;-7.387.251;;;
3;40.736.502;-7.397.809.472;;;
1;40.755.763;-73.912.715;;;
2;40.766.368;-73.971.518;;;
1;40.831.327;-73.946.665;;;
2;40.849.955;-73.905.943;;;
3;40.770.513;-73.988.038;;;
1;40.823.498;-7.394.386;;;
2;4.072.368.361;-7.397.574.813;;;
0;4.087.156;-7.389.714;;;
1;4.073.649;-7.386.995;;;
3;4.072.084;-7.394.844;;;
1;4.069.811;-7.390.904;;;
0;40.827.305;-73.951.989;;;
7;40.868.846;-73.931.537;;;
3;4.076.350.532;-7.397.109.243;;;
2;4.073.716.919.369.880;-7.398.122.549.057.000;;;
3;40.864.632;-73.918.598;;;
2;407.987.859;-739.523;;;
4;4.068.705;-7.392.338;;;
3;40.847.798;-73.901.883;;;
1;40.804.168;-73.911.545;;;
3;4.071.307.916;-7.399.851.193;;;
0;4.085.014;-7.389.818;;;
5;4.073.232.194;-739.550.858;;;
0;4.077.114.812.219.010;-7.398.699.113.854.880;;;
1;40.700.003;-7.392.834;;;
1;4.072.580.614;-7.397.422.494;;;
3;40.821.111;-73.935.971;;;
2;4.082.895;-7.390.521;;;
1;407.787.185;-739.145.645;;;
0;4.071.638.031.973.560;-7.394.821.286.201.470;;;
1;40.849.629;-73.919.205;;;
3;407.781.314;-7.396.069.399;;;
0;407.047.177;-7.400.926.027;;;
1;40.850.121;-73.910.765;;;
1;4.086.932.465.640.090;-7.391.519.755.125.040;;;
0;40.785.994;-73.915.098;;;
1;40.867.357;-7.392.936;;;
1;4.087.069;-7.390.678;;;
0;4.069.047;-73.923.511;;;
1;4.066.219;-7.394.293;;;
3;4.071.688.538.495.360;-7.400.650.128.722.190;;;
8;4.073.153.937.464.070;-739.853.024.482.727;;;
1;40.668.603;-739.904.394;;;
0;406.904;-739.277;;;
0;4.075.574;-73.903.427;;;
1;40.827.212;-73.942.722;;;
2;406.849.894;-7.399.440.329;;;
2;4.072.917.025;-7.399.810.231;;;
1;4.074.984;-7.386.156;;;
0;4.073.676;-7.387.318;;;
1;406.705;-739.308;;;
0;40.863.211;-73.920.827;;;
1;406.756;-739.415;;;
3;406.716.493;-739.631.145;;;
0;40.808.442;-739.452.087;;;
2;40.848.793;-73.903.178;;;
1;4.066.035;-7.395.679;;;
2;4.087.119;-7.389.918;;;
1;40.707.174;-7.393.581;;;
1;4.069.517;-7.390.311;;;
5;40.738.046.142.482.700;-7.399.642.959.237.090;;;
3;40.805.631;-73.934.077;;;
15;40.756.403.523.272.400;-7.399.410.143.494.600;;;
2;40.743;-7.393.561;;;
3;40.783.956;-73.916.894;;;
2;406.765.304;-7.397.846.879;;;
1;4.068.917;-739.886;;;
3;40.722.055;-73.989.111;;;
1;4.075.473;-738.918;;;
0;4.076.894;-7.386.832;;;
3;4.066.514.681.533.790;-7.397.637.605.667.110;;;
2;407.437.524.099.784;-7.394.176.483.154.290;;;
1;4.074.501;-739.036;;;
0;4.088.435;-7.388.781;;;
2;4.085.322;-7.390.546;;;
1;4.079.904.139.288.290;-7.396.649.479.866.020;;;
4;40.777.507.027.547.900;-7.398.888.587.951.650;;;
1;4.065.007;-7.396.001;;;
0;4.065.592;-7.394.068;;;
7;4.073.020.660.529.950;-7.399.102.628.231.040;;;
5;4.067.077;-739.507;;;
1;4.084.649;-7.389.616;;;
5;40.835.775;-739.434;;;
0;4.068.415.748;-7.396.922.273;;;
0;4.066.314;-739.605.695;;;
1;40.857.994;-73.932.173;;;
1;40.705.517;-7.393.936;;;
4;4.086.295;-7.390.741;;;
1;4.087.869;-7.389.862;;;
0;4.074.334;-7.389.903;;;
0;4.074.069.317.733.040;-7.398.160.636.425.010;;;
3;406.823.687;-73.944.118;;;
3;40.710.888;-73.968.329;;;
2;407.160.751;-73.952.029;;;
2;4.088.324;-7.390.587;;;
1;406.786.115;-7.399.037.292;;;
1;4.076.370.739;-739.851.615;;;
2;4.076.466;-7.388.803;;;
6;4.071.559.509;-739.870.295;;;
1;40.830.702;-73.936.371;;;
2;406.763.744;-7.400.324.957;;;
0;4.065.302;-7.394.599;;;
0;4.085.466;-739.015;;;
3;4.070.413;-7.390.737;;;
3;4.074.311.555.376.480;-7.398.215.353.488.920;;;
3;4.069.681.963;-7.393.756.926;;;
0;4.077.391.390.238.110;-739.543.953.537.941;;;
1;4.073.223.272;-7.398.889.957;;;
2;4.066.403;-7.394.769;;;
1;4.075.513.557;-7.398.658.032;;;
0;4.074.021.356.884.920;-7.393.537.044.525.140;;;
3;4.078.476;-73.969.862;;;
0;406.750.207;-7.397.111.473;;;
2;408.190.344;-73.956.156;;;
5;4.076.302.594.280.510;-7.397.209.525.108.330;;;
2;4.072.036.775.298.450;-7.396.165.072.917.930;;;
0;4.082.713.380.423.550;-739.227.358.996.868;;;
2;4.071.401;-7.392.793;;;
1;406.919.925.157.634;-739.325.501.024.723;;;
2;4.069.128.258;-739.452.416;;;
5;40.735.445;-7.399.431;;;
0;4.069.671;-7.392.807;;;
1;4.069.055;-7.391.181;;;
3;40.865.364;-7.392.791;;;
3;4.070.706.456;-7.400.731.853;;;
2;4.066.598;-739.284;;;
1;4.070.389;-7.389.116;;;
2;4.084.552;-7.391.722;;;
0;4.075.763;-7.388.682;;;
1;4.066.432.331.577.460;-7.395.921.791.486.460;;;
2;4.073.443.564.069.450;-7.393.790.781.497.950;;;
7;4.074.901.271;-7.398.848.395;;;
0;407.448;-7.389.377;;;
0;4.075.091;-7.389.111;;;
2;4.070.767.788;-7.394.016.171;;;
3;4.072.557;-7.394.434;;;
5;4.077.536.905;-7.394.803.392;;;
0;406.767;-7.393.051;;;
1;40.818.215;-73.950.988;;;
10;40.720.747;-73.986.274;;;
0;4.074.249;-7.387.809;;;
0;40.707.165;-73.923.711;;;
4;406.729.679;-7.397.087.984;;;
2;4.068.216.564;-7.395.399.026;;;
2;406.777.287;-7.399.364.123;;;
1;4.068.139;-7.390.756;;;
2;4.086.448;-7.389.522;;;
10;4.077.966.809.007.310;-7.398.093.044.757.840;;;
0;40.641.269;-74.017.651;;;
6;4.074.526;-7.399.062;;;
7;408.021.174;-739.681.805.305;;;
0;40.805.973;-73.964.928;;;
3;40.709.957;-74.016.538;;;
9;40.816.343;-73.896.447;;;
0;4.075.048;-7.390.513;;;
1;4.073.715;-7.385.614;;;
1;406.758.329.439.129;-7.401.472.628.116.600;;;
5;4.070.296.934.155.270;-7.398.469.090.461.730;;;
2;4.076.712.840.349.540;-7.396.224.617.958.060;;;
3;4.076.132.983.124.810;-7.397.982.001.304.620;;;
1;4.075.052.534;-7.394.594.845;;;
2;4.064.868;-7.394.635;;;
0;4.076.211;-7.392.523;;;
3;40.834.457;-73.928.381;;;
0;408.692;-7.390.121;;;
1;4.064.949;-7.395.408;;;
3;4.071.910.537;-7.399.973.337;;;
3;4.069.766.564;-7.398.476.437;;;
1;4.070.869;-7.392.587;;;
3;4.075.001.986;-7.396.905.301;;;
4;4.065.519;-739.564;;;
1;4.077.677.702;-739.590.097;;;
1;4.087.979;-7.390.164;;;
1;4.088.111;-738.965;;;
1;40.651.566;-73.972.212;;;
13;4.074.783.260.583.770;-740.005.722.643.582;;;
0;4.076.134;-7.386.666;;;
0;4.077.149.671.054.440;-7.399.046.033.620.830;;;
3;40.804.213;-7.396.699.104;;;
1;4.071.773;-7.394.051;;;
0;40.752.474;-73.939.991;;;
0;4.086.389;-7.389.246;;;
5;40.746.647;-73.993.915;;;
4;4.069.236.178;-7.398.631.746;;;
3;406.787.242;-7.399.599.099;;;
0;40.840.494;-73.911.479;;;
6;4.071.450.451;-7.400.562.789;;;
3;4.072.984.830.346.520;-7.397.455.215.454.100;;;
1;40.668.757;-73.966.438;;;
6;4.069.597.683;-7.399.014.892;;;
4;40.693.534;-73.981.909;;;
2;4.071.219.906;-7.397.948.148;;;
1;4.083.618;-73.939.789;;;
3;407.500.727;-7.399.839.279;;;
0;4.067.423;-7.391.656;;;
1;406.917.823;-739.737.299;;;
1;4.070.569.254;-7.401.677.685;;;
3;40.753.091;-73.920.603;;;
1;406.776;-7.394.963;;;
1;4.067.412;-7.394.447;;;
4;4.067.260.298.150.120;-7.398.983.001.708.980;;;
3;4.073.049.393;-739.957.214;;;
2;40.842.675;-73.908.544;;;
0;4.072.558;-7.390.417;;;
0;4.071.907.891.179.560;-7.394.223.690.032.950;;;
0;40.656.633;-73.983.864;;;
4;4.077.112.927;-7.395.772.297;;;
2;40.768.254;-73.988.639;;;
1;4.066.093.779.493.160;-7.398.680.448.532.100;;;
2;4.068.512.559.515.410;-7.402.535.319.328.300;;;
2;4.077.314.236;-7.395.856.158;;;
0;4.068.487;-739.293;;;
1;4.065.482;-73.973.217;;;
1;4.080.722;-739.418;;;
4;4.071.332.151.208.180;-7.399.009.689.688.680;;;
3;4.069.623.297.129.310;-7.399.142.056.703.560;;;
0;40.717.571;-74.005.549;;;
0;4.076.109;-7.388.838;;;
0;40.741;-7.388.027;;;
3;4.073.396;-7.395.204;;;
1;408.604.244;-739.093.359.997;;;
5;4.071.759.894.980.990;-7.401.587.963.104.240;;;
4;4.072.502.876;-7.399.069.656;;;
7;40.721.319;-74.010.065;;;
2;4.070.140.317.257.720;-7.398.672.670.125.960;;;
4;4.071.291.224;-7.401.020.234;;;
0;4.074.612;-7.385.272;;;
1;40.663.657;-73.963.014;;;
0;4.084.188;-738.855;;;
3;4.076.619;-7.387.561;;;
3;40.686.203;-73.944.694;;;
0;40.699.569;-73.979.827;;;
2;4.068.199.044.270.700;-7.399.079.024.791.710;;;
2;4.068.323.865.460.340;-7.396.599.590.778.350;;;
2;40.822.215;-73.914.688;;;
1;4.070.538;-7.392.535;;;
3;40.797.911;-739.423;;;
1;4.074.275.179.648.990;-739.847.157.150.507;;;
2;4.074.718.234;-739.432.635;;;
0;4.076.315.481.910.370;-7.393.985.509.872.430;;;
3;4.076.312.584;-7.396.526.895;;;
0;4.075.767.234.025.040;-7.390.769.943.594.930;;;
1;40.646.037;-73.980.963;;;
1;40.698.458;-73.997.178;;;
0;40.652.512;-74.008.906;;;
2;406.853.761;-7.398.302.136;;;
0;40.816.126;-73.891.559;;;
3;407.251.285.241.158;-7.398.131.668.567.650;;;
3;4.071.703;-7.400.925;;;
0;406.662.078;-7.398.199.886;;;
1;40.819.999;-73.897.263;;;
6;4.068.706.579.875.910;-7.401.675.585.121.660;;;
1;4.086.659;-7.389.794;;;
4;40.701.907;-74.013.942;;;
1;4.069.231.660.719.190;-7.401.486.575.603.480;;;
1;40.763.154;-73.920.827;;;
2;40.831.762;-73.896.853;;;
3;406.711.978;-7.397.484.126;;;
2;4.073.787.237.950.530;-7.392.264.068.126.670;;;
4;4.074.056.423.633.950;-7.399.852.573.871.610;;;
3;4.077.237;-7.399.005;;;
9;4.071.605.866;-7.399.190.759;;;
3;4.069.512.845;-7.399.595.065;;;
2;40.851.747;-73.908.964;;;
0;4.070.694;-7.390.632;;;
1;4.074.469.738;-7.393.540.375;;;
1;4.079.338;-7.394.329;;;
3;4.072.362.738;-7.399.949.601;;;
1;40.825.737;-73.927.311;;;
1;4.074.408;-7.392.901;;;
6;407.262.807;-7.398.978.041;;;
0;407.546.011.026;-73.971.878.855;;;
2;40.829.797;-73.931.015;;;
0;4.080.295;-73.942.954;;;
2;406.859.296;-7.400.242.364;;;
0;4.069.715;-738.936;;;
2;4.086.989.866.194.040;-7.392.076.313.495.630;;;
0;40.827.184;-73.893.721;;;
1;4.074.952;-7.390.265;;;
1;40.827.301;-73.896.372;;;
1;4.076.574;-7.387.012;;;
2;40.639.673;-74.008.957;;;
2;407.123;-7.389.397;;;
1;40.772.717;-73.906.127;;;
0;4.071.592.232.709.500;-7.390.601.366.758.340;;;
1;4.086.288;-7.390.316;;;
0;4.074.283;-739.321;;;
0;40.825.289;-73.936.232;;;
4;4.083.617.913.677.470;-7.390.730.146.322.760;;;
3;407.829.391;-739.786.517;;;
2;40.755.389;-73.911.517;;;
0;4.070.224;-73.982.578;;;
0;4.075.397;-73.862;;;
2;40.639.421;-74.026.823;;;
11;4.072.633.085.971.690;-7.398.616.880.178.450;;;
0;4.081.900.581.806.550;-7.394.476.890.563.960;;;
2;40.835.122.799.036.400;-7.391.196.817.159.650;;;
0;4.074.937;-7.388.714;;;
2;4.073.988.840.858.990;-7.398.958.593.606.940;;;
1;40.841.092;-73.892.317;;;
2;4.070.365.182;-7.401.167.797;;;
1;406.595;-7.395.041;;;
7;40.840.484;-73.917.946;;;
7;4.077.282.817;-7.396.685.276;;;
3;4.068.488;-7.396.304;;;
0;40.750.097.682.094.800;-7.391.349.703.073.500;;;
1;407.552.433;-739.485.678;;;
1;4.070.806.582.380.640;-740.135.595.202.446;;;
2;4.065.074;-7.394.986;;;
4;4.068.700.231.292.610;-7.397.664.964.199.060;;;
1;4.078.948.541.553.210;-7.395.242.929.458.610;;;
3;40.735.238;-74.000.271;;;
4;406.910.363.748.993;-7.399.201.065.301.890;;;
2;4.068.609;-7.392.628;;;
2;406.861.758;-7.399.645.295;;;
2;4.074.349.759.836.970;-7.391.860.529.780.380;;;
1;4.064.741;-7.395.933;;;
2;4.069.622.937;-7.394.371.094;;;
2;40.704.508;-739.351;;;
0;4.067.313;-7.391.387;;;
5;40.663.779;-7.398.396.846;;;
1;4.070.183;-7.390.625;;;
3;407.801.839.724.239;-7.397.728.532.552.710;;;
0;40.644.367;-73.984.276;;;
0;4.073.737;-7.391.803;;;
3;40.653.368;-73.976.291;;;
5;40.686.312;-73.935.775;;;
0;4.064.795;-7.393.182;;;
2;40.839.194;-73.888.587;;;
1;4.087.512;-7.390.126;;;
4;4.075.992.262;-7.397.648.516;;;
5;4.075.066.386;-7.400.176.802;;;
1;40.805.559;-73.914.718;;;
5;40.768.333;-73.992.573;;;
1;406.882;-7.390.798;;;
0;406.582;-739.338;;;
2;4.077.118.287.540.650;-7.396.409.422.159.190;;;
6;407.643.971;-7.397.371.465;;;
0;4.070.686;-7.392.851;;;
1;4.064.378;-7.396.867;;;
1;40.754.691.750.226.000;-7.399.740.189.313.880;;;
2;4.064.173;-7.396.364;;;
1;4.085.304.455.868.980;-7.391.830.623.149.870;;;
11;407.462.009;-7.398.855.723;;;
5;4.070.122.128;-7.401.234.218;;;
2;4.072.307.749.068.670;-7.398.583.620.786.660;;;
0;407.468;-7.389.038;;;
0;40.866.141;-73.922.648;;;
0;4.064.871;-7.395.218;;;
1;& St Marks Ave;4.067.319;;;877
2;40.774.306;-73.908.335;;;
3;4.077.801.203;-7.395.407.149;;;
1;40.836.274;-73.884.308;;;
9;4.076.500.525;-7.395.818.491;;;
5;407.711.528;-739.170.074;;;
2;40.776.165;-739.153.175;;;
2;4.071.435;-7.391.405;;;
1;4.075.388;-73.914.952;;;
4;4.070.905.623;-7.401.043.382;;;
2;40.816.402;-73.919.549;;;
6;4.078.866.499.127.880;-7.396.680.057.048.790;;;
0;40.812.769;-73.901.583;;;
2;4.065.969;-7.394.517;;;
0;40.639.978;-7.402.324;;;
0;40.853.827;-73.920.765;;;
2;4.069.794;-7.396.986.848;;;
4;407.817.212;-7.394.594;;;
0;4.069.331.716;-7.395.381.995;;;
1;4.073.761;-7.385.959;;;
5;407.667.405.590.595;-739.790.689.945.221;;;
0;4.085.941;-738.985;;;
1;4.069.064.807.082.940;-7.395.746.178.925.030;;;
2;40.716.425;-7.396.594;;;
0;40.649.681;-73.967.829;;;
0;40.811.892;-73.904.192;;;
1;40.818.185;-73.894.143;;;
0;40.845.505;-73.914.311;;;
0;40.649.983;-74.005.144;;;
3;4.071.534.825;-7.396.024.116;;;
1;4.068.458;-7.390.925;;;
2;40.678.970.070.475.700;-7.397.855.266.928.670;;;
3;4.074.173.969;-7.399.415.556;;;
1;407.703.743;-739.286.078;;;
0;40.659.176;-74.006.584;;;
1;406.532;-7.396.639;;;
1;4.075.325.964;-7.394.335.788;;;
2;40.709.897;-7.394.008;;;
1;407.671.863;-739.373.554;;;
0;40.772.899;-73.896.849;;;
0;40.745.502;-73.909.887;;;
0;40.751.889.392.240.600;-7.403.329.162.748.530;;;
2;40.644.743;-74.003.754;;;
1;407.849.032;-73.950.503;;;
2;4.074.524.768;-7.394.733.276;;;
0;4.074.193;-7.390.913;;;
7;40.813.358;-73.956.461;;;
1;407.869.946;-7.394.164.802;;;
3;4.068.402;-7.394.977;;;
4;40.861.748;-7.389.105;;;
1;40.643.371;-74.011.884;;;
1;4.075.097.711;-7.398.765.428;;;
1;40.813.135;-73.909.235;;;
2;406.864.442;-7.398.759.104;;;
4;40.840.683;-73.915.073;;;
1;4.076.424;-738.812;;;
6;4.069.239.502;-7.399.337.909;;;
3;4.074.286.877.312.110;-7.398.918.628.692.620;;;
1;4.072.311.651;-7.395.212.324;;;
3;40.822.545;-73.901.824;;;
5;4.072.769;-73.990.993;;;
4;4.069.676;-7.392.302;;;
1;40.863.124;-73.926.994;;;
3;40.825.716;-73.915.585;;;
2;4.071.850.211;-7.398.329.859;;;
1;406.740.886;-739.787.282;;;
0;4.087.449;-7.390.467;;;
6;407.390.169.121;-740.026.376.103;;;
3;406.776.147;-7.397.324.283;;;
0;4.075.502;-7.387.285;;;
4;40.838.706;-73.927.034;;;
4;407.945.663;-739.362.541;;;
1;4.085.455;-7.389.507;;;
3;40.845;-7.388.994;;;
0;40.649.292;-74.020.105;;;
1;40.773.763;-7.396.222.088;;;
1;4.077.028;-73.893.675;;;
2;40.673.134;-73.969.106;;;
2;40.647.718;-73.973.663;;;
1;4.069.662;-7.390.056;;;
7;406.867.443;-7.399.063.168;;;
0;40.852.252;-73.937.854;;;
0;4.067.621;-7.390.351;;;
1;40.748.036;-73.946.705;;;
4;4.075.676.475.086.500;-7.399.971.440.439.910;;;
1;4.072.226;-7.393.889;;;
2;4.084.666;-7.388.991;;;
3;4.065.798;-7.396.051;;;
2;4.076.109;-7.388.632;;;
8;4.077.565.541;-7.395.068.615;;;
3;4.083.545;-7.390.153;;;
2;407.075.188.830.923;-7.400.108.054.280.280;;;
8;4.074.198.159.994.020;-7.400.831.580.162.040;;;
1;4.071.693;-7.390.198;;;
1;407.647;-739.240.312;;;
1;407.633.589;-739.286.471;;;
1;40.650.739;-73.977.739;;;
1;40.828.199;-73.903.719;;;
0;4.064.471.895.763.570;-7.397.451.460.361.480;;;
1;40.759.604.471.387.900;-7.392.714.411.020.270;;;
5;40.742.684.734.875.600;-7.398.671.329.021.450;;;
0;40.646.377;-74.023.087;;;
1;4.068.900.443;-7.396.023.854;;;
1;4.067.972;-7.393.467;;;
3;4.073.555;-7.395.284;;;
5;4.072.334.683.218.010;-7.398.265.913.128.850;;;
3;40.817.755;-7.392.965;;;
2;4.069.723;-7.389.811;;;
3;4.072.706.363.348.300;-7.399.662.137.031.550;;;
2;4.071.534.162.042.440;-7.393.865.078.687.660;;;
2;40.812.735;-73.923.697;;;
1;4.068.764.484;-7.396.968.902;;;
4;4.070.538.077;-7.394.976.519;;;
2;4.068.143;-7.392.565;;;
0;40.690.065;-73.978.776;;;
0;4.074.962;-7.386.677;;;
1;4.073.115;-7.400.887;;;
0;4.085.648.733.523.570;-7.393.296.986.818.310;;;
1;4.075.905.795.418.580;-7.391.897.544.264.790;;;
1;4.066.852;-7.392.284;;;
1;408.143.256;-739.590.255;;;
0;4.075.788;-7.385.763;;;
1;40.758.057;-73.909.831;;;
0;4.067.568;-7.391.396;;;
1;4.080.046;-7.392.404;;;
2;40.733.208.626.522.400;-739.756.813.647;;;
2;4.084.463;-7.387.988;;;
1;4.087.555;-7.390.212;;;
2;40.855.156;-7.391.278;;;
3;4.074.025.878;-7.398.409.214;;;
10;4.074.691.959;-7.400.451.887;;;
0;4.072.054;-73.959;;;
2;40.852.253;-73.931.308;;;
0;4.087.382;-7.388.661;;;
1;4.077.896.784;-7.397.374.737;;;
4;4.069.327.018;-7.397.703.874;;;
4;406.667;-7.393.972;;;
1;40.834.124;-7.388.955;;;
0;4.071.036.129.922.580;-7.396.530.389.785.760;;;
0;40.757.334;-73.974.235;;;
3;40.672.695;-73.954.131;;;
3;40.843.079;-73.900.216;;;
4;4.076.095.756;-7.396.724.467;;;
6;4.068.177.810.928.760;-7.397.988.975.048.060;;;
1;4.074.864;-7.387.619;;;
5;4.069.363.137;-7.396.223.558;;;
1;4.075.797.322;-7.396.603.308;;;
0;40.873.054.589.370.800;-7.391.837.194.561.950;;;
1;4.081.872.569.990.110;-7.388.862.490.653.990;;;
1;4.070.461;-7.391.054;;;
0;407.531.106;-739.279.917;;;
3;40.834.015;-73.908.863;;;
2;407.597.108;-7.397.402.311;;;
1;4.084.335;-7.388.247;;;
1;407.628.138;-739.342.862;;;
2;4.082.188;-73.907.521;;;
3;407.169.811;-7.394.485.918;;;
5;4.078.057.799.010.330;-7.398.562.431.335.440;;;
2;40.772.092;-73.895.166;;;
2;4.067.428;-739.503;;;
1;40.830.179;-73.928.747;;;
1;4.075.601;-7.388.266;;;
8;407.172.274;-7.398.802.084;;;
0;406.814.658.848.122;-7.391.415.685.415.260;;;
3;407.727.966;-7.395.577.801;;;
1;40.838.315;-73.912.604;;;
1;4.067.486;-7.391.123;;;
0;40.805.701;-73.925.177;;;
2;407.197.920.901.383;-740.052.238.852.195;;;
2;4.065.949.055.893.890;-7.398.013.919.591.900;;;
2;40.826.677;-73.929.327;;;
3;40.697.926;-7.397.663;;;
3;40.756.951;-73.982.631;;;
1;4.072.710.258;-7.400.297.088;;;
5;407.882.213;-7.397.041.561;;;
6;407.454.973;-7.400.197.139;;;
2;40.823.429;-73.924.689;;;
3;407.529;-7.387.536;;;
0;4.067.514;-7.394.716;;;
1;40.682.601;-73.938.037;;;
0;40.759.125;-73.962.658;;;
3;4.073.266;-7.395.826;;;
1;40.843.264;-73.904.867;;;
5;4.072.494.672.359.410;-7.400.165.855.884.550;;;
2;4.074.838;-7.390.699;;;
1;4.086.149;-7.388.103;;;
1;40.656.986;-73.998.194;;;
3;406.851.532;-7.394.111;;;
0;4.072.840.059.450.820;-7.399.968.780.577.180;;;
3;4.084.437;-7.387.796;;;
4;40.747.968;-73.996.637;;;
7;4.074.964;-7.398.805;;;
1;406.894.932;-73.942.061;;;
2;40.662.584;-73.995.554;;;
2;40.824.956;-73.891.677;;;
3;40.768.692;-739.249.574;;;
2;4.075.374;-7.388.604;;;
4;40.711.066;-74.009.447;;;
1;4.070.929;-7.389.441;;;
2;4.068.822;-7.391.966;;;
0;4.074.419;-738.619;;;
2;4.072.185.379;-7.400.771.779;;;
2;407.471;-739.028;;;
3;40.716.967;-73.956.388;;;
2;406.707.767;-739.576.801;;;
2;4.075.475;-738.549;;;
0;40.877.964;-738.847.550.291;;;
2;4.072.317.958;-7.399.480.012;;;
1;4.074.557;-738.882;;;
0;4.074.535;-738.558;;;
0;4.067.717;-7.392.285;;;
6;4.074.299;-7.397.711;;;
0;40.875.531;-738.863.864.831;;;
5;40.716.887;-73.963.198;;;
4;4.078.499.979;-7.397.283.406;;;
1;40.826.303;-73.898.751;;;
0;4.065.577;-739.432;;;
7;40.751.396;-74.005.226;;;
6;4.075.714.758;-7.397.207.836;;;
5;4.078.001.336.610.560;-7.390.667.617.321.010;;;
2;4.072.789.701.409.020;-7.400.536.268.949.500;;;
0;4.075.836;-7.387.824;;;
7;4.081.028.506.306.000;-7.395.736.455.917.350;;;
0;4.071.391;-7.390.299;;;
0;40.776.745;-73.906.558;;;
2;4.087.049;-7.390.287;;;
1;4.071.893.904;-7.399.266.288;;;
0;40.716.657;-7.393.637;;;
0;4.070.113;-7.391.422;;;
2;40.735.918;-74.000.939;;;
0;40.760.339;-739.222.427;;;
0;4.073.191.132.323.170;-74.008.769.094.944;;;
2;4.070.099;-7.393.921;;;
0;4.068.995;-739.365;;;
3;407.892.529;-7.393.956.237;;;
0;406.721.683;-739.609;;;
1;4.074.451;-7.391.412;;;
10;4.073.031.071.000.890;-7.398.047.178.983.680;;;
0;4.067.854;-7.391.367;;;
5;4.081.296;-73.941.878;;;
2;406.809.591;-7.399.905.709;;;
4;4.069.985;-7.397.141;;;
0;4.072.054;-739.949;;;
7;4.072.431;-7.400.473;;;
2;4.077.003.010.255.040;-739.819.684.624.672;;;
0;40.847.305;-73.933.291;;;
0;4.064.661;-7.395.401;;;
1;40.692;-7.392.617;;;
2;40.830.663;-73.941.323;;;
5;4.076.269.882;-7.399.301.222;;;
1;4.088.492;-7.389.084;;;
10;4.075.640.548;-739.900.262;;;
4;407.190.095;-7.395.852.515;;;
1;4.071.926.081;-7.398.178.024;;;
0;4.073.802;-7.386.103;;;
3;4.075.377.336.836.030;-7.399.937.599.897.380;;;
4;40.814.394.437.915.800;-7.395.324.736.833.570;;;
7;407.689.738;-7.395.482.273;;;
0;40.817.555;-73.957.163;;;
1;4.066.967;-739.503;;;
4;4.075.660.359;-739.979.009;;;
3;4.073.972.989.238.720;-7.399.103.969.335.550;;;
3;40.678.045;-73.962.408;;;
2;4.074.713;-7.385.502;;;
4;40.714.193;-73.996.732;;;
0;4.076.646;-7.388.674;;;
0;40.861.281.970.750.900;-73.921.417.593.956;;;
2;40.816.827;-73.917.338;;;
3;40.710.709;-73.959.724;;;
2;40.814.673;-7.391.839;;;
0;4.065.496;-7.393.765;;;
0;4.072.098;-7.390.701;;;
3;407.652.654;-7.398.192.338;;;
0;40.778.089;-73.899.558;;;
2;40.642.408;-74.013.318;;;
6;40.805.726;-73.936.322;;;
3;40.818.299;-73.960.405;;;
1;40.644.862;-74.014.531;;;
5;40.820.302;-73.903.944;;;
6;407.981.856;-739.605.909.006;;;
1;40.795.098;-73.923.734;;;
0;4.085.079;-7.388.945;;;
1;4.073.704.984;-7.399.009.296;;;
2;406.555;-7.394.975;;;
5;4.071.146.364;-7.400.552.427;;;
2;4.086.767;-7.389.286;;;
1;40.830.471;-73.904.556;;;
1;40.722.103.786.686.000;-7.399.724.900.722.500;;;
2;407.459.849;-7.398.629.487;;;
0;4.085.589.030.603.880;-7.392.708.241.939.540;;;
1;406.686.273;-7.398.700.053;;;
3;4.068.044;-7.392.842;;;
1;4.070.311;-7.389.547;;;
1;4.086.709.406.268.140;-739.172.950.387.001;;;
2;4.074.848.023.448.570;-7.398.255.586.624.140;;;
7;40.752.643;-73.974.996;;;
0;407.922.553;-7.395.249.933;;;
5;40.781.410.700.190.000;-7.395.595.908.164.970;;;
0;40.833.909;-7.392.112;;;
0;4.064.958;-7.396.316;;;
0;40.666.439.306.870.800;-739.605.563.879.013;;;
1;4.087.398;-7.389.943;;;
4;4.071.996.118.117.130;-7.400.844.320.654.860;;;
0;4.080.756;-73.939.182;;;
1;406.777.748;-740.094.613;;;
2;407.702;-7.387.587;;;
5;4.076.663.814;-7.395.348.296;;;
1;407.725.996.921.817;-7.393.266.275.525.090;;;
1;407.941.654;-73.974.124;;;
1;4.067.522;-739.061;;;
2;40.816.234;-73.948.222;;;
6;40.719.383;-73.991.479;;;
6;4.076.727.216;-7.399.392.888;;;
1;407.668;-739.347.774;;;
0;40.844.044;-73.933.651;;;
3;4.071.779.817.737.830;-7.399.316.132.068.630;;;
2;4.083.670.566.862.800;-7.392.608.866.095.540;;;
6;40.799.484;-73.955.613;;;
6;4.076.228.826;-7.398.336.183;;;
0;407.428;-7.389.584;;;
2;40.818.477;-73.947.568;;;
1;40.704.876;-73.919.911;;;
2;40.668.132;-7.397.363.831;;;
1;40.721.226;-73.941.845;;;
1;4.073.564;-7.395.866;;;
0;4.073.824.937.345.940;-7.392.737.478.017.800;;;
0;4.065.127;-7.393.818;;;
3;40.846.052;-73.937.648;;;
5;40.818.743;-73.890.247;;;
2;40.815.887;-73.911.918;;;
3;4.081.093;-73.921.606;;;
1;40.862.638;-7.392.006;;;
1;40.642.703;-74.009.441;;;
0;406.716;-7.393.378;;;
3;40.698.477;-7.398.384;;;
5;407.505.853.470.215;-739.946.848.154.068;;;
0;4.069.922;-7.389.795;;;
1;4.065.633;-7.393.648;;;
0;4.073.856;-7.388.553;;;
5;4.072.079.821;-7.395.484.712;;;
2;4.069.237.074;-7.393.705.428;;;
1;407.862.586;-7.394.552.579;;;
2;4.075.038.009;-7.398.338.988;;;
0;4.072.897;-7.390.115;;;
2;40.829.608;-73.921.461;;;
2;406.999.974.843.885;-7.397.440.128.028.390;;;
3;4.073.971.301;-7.399.456.405;;;
1;40.694.546.087.246.000;-7.395.801.365.375.510;;;
3;407.774.552;-739.225.403;;;
0;4.073.169;-7.390.159;;;
1;40.832.081;-73.942.386;;;
2;4.083.263;-73.925.101;;;
7;406.792.788;-7.398.154.004;;;
0;4.074.261;-73.903;;;
1;4.082.182;-7.395.353;;;
1;40.839.278;-73.945.446;;;
6;4.072.621.788;-7.398.379.855;;;
8;407.529.728.216.068;-7.398.734.897.375.100;;;
1;40.726.378;-74.000.472;;;
3;4.074.475.148;-7.399.915.362;;;
2;4.077.515.953.434.230;-7.398.918.695.747.850;;;
2;4.084.925;-7.393.022;;;
5;40.764.126;-73.980.973;;;
2;4.073.587.678;-7.398.205.027;;;
0;408.005.385;-739.419.949;;;
2;4.069.544;-7.393.223;;;
1;4.079.656.826.080.290;-7.393.459.528.684.610;;;
1;4.078.621;-739.756;;;
3;406.605;-739.626;;;
0;4.075.614;-7.386.084;;;
1;4.068.319.988.172.760;-7.391.166.642.308.230;;;
0;4.067.154;-7.391.433;;;
2;4.069.928;-73.953.259;;;
1;4.073.532.427;-7.399.800.419;;;
1;40.768.442;-73.893.531;;;
1;40.712.628;-73.960.575;;;
3;40.752.149;-73.989.539;;;
0;40.852.538;-7.393.441;;;
0;4.074.448;-7.386.516;;;
1;40.796.879;-73.937.261;;;
0;4.071.310.702.305.900;-7.399.446.353.316.300;;;
1;4.074.765.947;-7.398.490.707;;;
4;40.835.302;-73.895.133;;;
2;406.751.622;-739.814.832;;;
4;407.596.276;-739.321.455;;;
1;4.072.606;-7.395.621;;;
2;40.801.657;-73.909.513;;;
4;4.075.110.165;-7.394.073.717;;;
1;4.088.524;-7.390.077;;;
8;4.071.754.834;-7.401.322.069;;;
4;40.714.731;-73.966.612;;;
5;4.072.405.549;-7.400.965.965;;;
1;40.756.351;-73.936.515;;;
1;40.818.154;-73.925.294;;;
3;4.069.905;-7.391.516;;;
1;40.680.944.723.477.200;-7.397.567.331.790.920;;;
1;406.849.668;-7.398.620.772;;;
2;4.074.334.935;-7.400.681.753;;;
3;4.069.308.257;-7.397.178.913;;;
5;406.886.263;-739.851.911;;;
0;4.072.966.729.392.970;-7.398.067.966.103.550;;;
2;4.069.467;-7.390.663;;;
2;406.794.268;-739.298.911;;;
3;406.896.218.879;-739.830.426.872;;;
1;40.830.476;-73.939.929;;;
4;40.697.787;-73.973.736;;;
1;40.780.478;-73.912.212;;;
6;407.919.557;-73.968.087;;;
3;407.429.302;-73.952.037;;;
2;40.837.576;-73.910.489;;;
2;40.847.746;-73.922.079;;;
1;40.769.673;-73.906.018;;;
1;4.069.535.693.320.220;-7.399.344.027.042.380;;;
1;40.846.011;-73.919.637;;;
4;4.073.038.599;-7.400.214.988;;;
3;4.086.557;-7.388.807;;;
5;4.084.210.236.102.170;-739.422.395.825.386;;;
0;4.070.106;-7.393.318;;;
3;4.066.034;-7.393.618;;;
2;40.848.282;-73.941.343;;;
3;4.073.381.219.196.630;-7.398.054.420.948.020;;;
6;4.071.485.150.526.250;-7.401.122.331.619.260;;;
4;4.073.224.119;-7.400.026.394;;;
2;4.066.509;-7.394.824;;;
5;40.816.124;-73.908.116;;;
1;4.067.738;-7.390.829;;;
3;4.071.473.993;-7.400.910.627;;;
3;40.720.253;-73.957.082;;;
1;40.651.173;-74.011.405;;;
1;4.086.012;-73.928.489;;;
0;40.637.033;-74.022.141;;;
0;4.071.147;-7.391.694;;;
3;4.078.813;-7.395.206;;;
0;4.084.761;-7.390.745;;;
3;40.848.354;-73.918.389;;;
0;4.073.985.995.699.160;-7.392.400.324.344.630;;;
1;40.813.991;-738.855;;;
0;4.074.534.682.580.980;-739.219.419.658.184;;;
1;4.069.957.608;-7.394.708.417;;;
3;407.734.066;-7.397.782.542;;;
4;407.448.062.877.224;-7.391.728.967.428.200;;;
4;4.073.143.724.085.220;-7.399.490.341.544.150;;;
3;40.853.646;-73.908.731;;;
3;4.076.340.613;-7.397.722.479;;;
2;40.838.191;-73.936.085;;;
0;4.073.628;-7.386.752;;;
1;4.075.437;-7.387.833;;;
1;40.757.186;-73.932.719;;;
1;40.671.907;-73.993.612;;;
0;4.069.165.183;-739.999.786;;;
7;4.073.226.398;-7.399.852.205;;;
2;40.704.425;-7.392.836;;;
1;4.068.452;-7.392.011;;;
2;40.768.728;-73.890.745;;;
0;40.839.443;-73.937.044;;;
3;4.075.354.681.867.070;-7.397.896.572.947.500;;;
1;4.069.943;-7.391.337;;;
3;40.800.933;-73.913.863;;;
2;407.974.772;-739.311.847;;;
0;40.745.627;-73.945.661;;;
0;4.074.394.314;-7.397.966.069;;;
0;40.847.396;-73.931.205;;;
1;4.073.716;-7.386.625;;;
3;40.739.323;-74.008.119;;;
5;4.077.095.553.869.230;-7.395.356.208.096.920;;;
0;40.642.031;-73.981.073;;;
3;4.077.579.376.683.660;-739.762.057.363.987;;;
2;40.746.202;-73.971.822;;;
2;4.070.112;-7.393.039;;;
2;4.065.708.866.668.480;-7.400.870.203.971.860;;;
0;4.087.444;-7.389.186;;;
0;4.076.454;-7.387.171;;;
2;40.642.622;-74.016.866;;;
1;4.070.133.448.066.990;-7.398.471.236.228.940;;;
1;4.074.708.586;-7.394.977.234;;;
1;4.072.795;-7.395.414;;;
0;4.068.650.065;-7.396.563.307;;;
2;4.075.455.731;-7.396.592.976;;;
0;40.649.143;-74.012.384;;;
10;4.078.275;-7.397.137;;;
3;40.856.302;-73.907.302;;;
5;4.073.454.567;-7.399.074.142;;;
1;40.671.409;-74.001.328;;;
0;4.074.034.668.087.180;-7.392.886.072.397.230;;;
1;4.076.328;-7.388.404;;;
2;4.073.431.166.276.570;-7.398.372.530.937.190;;;
0;4.074.589;-7.389.915;;;
0;4.076.313;-738.772;;;
0;40.754.139;-73.919.543;;;
3;4.075.828.065;-7.397.069.431;;;
4;40.734.814;-73.992.085;;;
0;4.073.727;-7.386.415;;;
5;40.744.219;-7.397.121.214;;;
0;4.065.106;-7.394.193;;;
0;4.067.872;-7.391.105;;;
1;4.074.955;-7.385.464;;;
5;408.025.566;-739.490.782;;;
8;40.740.983;-74.001.702;;;
1;40.706.237;-73.933.871;;;
5;40.706.563.674.670.900;-739.683.187.007.904;;;
2;407.997.568;-739.621.128.676;;;
1;40.643.546;-73.986.418;;;
0;4.068.973;-7.393.353;;;